impl,num_threads,i,grid_size,time
omp,1,1,1024,0.982054
omp,1,1,128,0.017051
omp,1,1,2048,3.944612
omp,1,1,256,0.064521
omp,1,1,32,0.001006
omp,1,1,4096,16.139316
omp,1,1,512,0.246674
omp,1,1,64,0.004022
omp,1,1,8,0.000061
omp,1,2,1024,1.009406
omp,1,2,128,0.016012
omp,1,2,2048,3.986368
omp,1,2,256,0.066288
omp,1,2,32,0.000978
omp,1,2,4096,16.225744
omp,1,2,512,0.247918
omp,1,2,64,0.003894
omp,1,2,8,0.000064
omp,1,3,1024,0.980802
omp,1,3,128,0.015980
omp,1,3,2048,3.932877
omp,1,3,256,0.065572
omp,1,3,32,0.000936
omp,1,3,4096,15.584959
omp,1,3,512,0.254617
omp,1,3,64,0.004002
omp,1,3,8,0.000062
omp,1,4,1024,1.010193
omp,1,4,128,0.015696
omp,1,4,2048,4.047342
omp,1,4,256,0.064952
omp,1,4,32,0.000937
omp,1,4,4096,16.439297
omp,1,4,512,0.250314
omp,1,4,64,0.003775
omp,1,4,8,0.000061
omp,1,5,1024,1.000444
omp,1,5,128,0.015524
omp,1,5,2048,4.009178
omp,1,5,256,0.061888
omp,1,5,32,0.000927
omp,1,5,4096,16.032920
omp,1,5,512,0.244756
omp,1,5,64,0.003782
omp,1,5,8,0.000063
omp,1,6,1024,0.969425
omp,1,6,128,0.015534
omp,1,6,2048,3.909829
omp,1,6,256,0.062284
omp,1,6,32,0.000916
omp,1,6,4096,16.015742
omp,1,6,512,0.249631
omp,1,6,64,0.003846
omp,1,6,8,0.000064
omp,1,7,1024,1.000797
omp,1,7,128,0.015480
omp,1,7,2048,4.008486
omp,1,7,256,0.062512
omp,1,7,32,0.000929
omp,1,7,4096,15.602288
omp,1,7,512,0.249879
omp,1,7,64,0.003713
omp,1,7,8,0.000063
omp,1,8,1024,1.019529
omp,1,8,128,0.015444
omp,1,8,2048,4.036724
omp,1,8,256,0.062766
omp,1,8,32,0.000990
omp,1,8,4096,16.028166
omp,1,8,512,0.250080
omp,1,8,64,0.003862
omp,1,8,8,0.000065
omp,1,9,1024,1.000724
omp,1,9,128,0.015508
omp,1,9,2048,4.019978
omp,1,9,256,0.062764
omp,1,9,32,0.000974
omp,1,9,4096,16.013545
omp,1,9,512,0.250280
omp,1,9,64,0.003776
omp,1,9,8,0.000061
omp,1,10,1024,0.978650
omp,1,10,128,0.015466
omp,1,10,2048,4.006462
omp,1,10,256,0.062866
omp,1,10,32,0.000916
omp,1,10,4096,16.060956
omp,1,10,512,0.252066
omp,1,10,64,0.003865
omp,1,10,8,0.000060
omp,1,11,1024,1.002567
omp,1,11,128,0.015334
omp,1,11,2048,4.010643
omp,1,11,256,0.061488
omp,1,11,32,0.000977
omp,1,11,4096,15.581790
omp,1,11,512,0.250042
omp,1,11,64,0.003721
omp,1,11,8,0.000065
omp,1,12,1024,1.002313
omp,1,12,128,0.015221
omp,1,12,2048,4.017050
omp,1,12,256,0.062172
omp,1,12,32,0.000917
omp,1,12,4096,16.029937
omp,1,12,512,0.251201
omp,1,12,64,0.003706
omp,1,12,8,0.000065
omp,1,13,1024,1.003821
omp,1,13,128,0.015253
omp,1,13,2048,3.908966
omp,1,13,256,0.063480
omp,1,13,32,0.000915
omp,1,13,4096,15.610446
omp,1,13,512,0.250253
omp,1,13,64,0.003687
omp,1,13,8,0.000063
omp,1,14,1024,0.975885
omp,1,14,128,0.015564
omp,1,14,2048,3.911751
omp,1,14,256,0.062727
omp,1,14,32,0.000886
omp,1,14,4096,16.026268
omp,1,14,512,0.250071
omp,1,14,64,0.003715
omp,1,14,8,0.000064
omp,1,15,1024,1.001126
omp,1,15,128,0.015527
omp,1,15,2048,4.013623
omp,1,15,256,0.062361
omp,1,15,32,0.000941
omp,1,15,4096,16.021438
omp,1,15,512,0.250104
omp,1,15,64,0.003779
omp,1,15,8,0.000065
omp,1,16,1024,0.972830
omp,1,16,128,0.015565
omp,1,16,2048,4.018284
omp,1,16,256,0.062599
omp,1,16,32,0.000927
omp,1,16,4096,16.025858
omp,1,16,512,0.249681
omp,1,16,64,0.003859
omp,1,16,8,0.000063
omp,1,17,1024,1.000427
omp,1,17,128,0.015337
omp,1,17,2048,4.016917
omp,1,17,256,0.062295
omp,1,17,32,0.000927
omp,1,17,4096,16.021825
omp,1,17,512,0.244806
omp,1,17,64,0.003814
omp,1,17,8,0.000064
omp,1,18,1024,0.975512
omp,1,18,128,0.015423
omp,1,18,2048,3.908917
omp,1,18,256,0.062394
omp,1,18,32,0.000928
omp,1,18,4096,15.544377
omp,1,18,512,0.250271
omp,1,18,64,0.003691
omp,1,18,8,0.000064
omp,1,19,1024,0.979424
omp,1,19,128,0.015006
omp,1,19,2048,3.992278
omp,1,19,256,0.063176
omp,1,19,32,0.000927
omp,1,19,4096,15.615143
omp,1,19,512,0.250231
omp,1,19,64,0.003760
omp,1,19,8,0.000061
omp,1,20,1024,1.000739
omp,1,20,128,0.015575
omp,1,20,2048,3.914710
omp,1,20,256,0.062956
omp,1,20,32,0.001022
omp,1,20,4096,16.024839
omp,1,20,512,0.245516
omp,1,20,64,0.003862
omp,1,20,8,0.000064
omp,1,21,1024,1.000356
omp,1,21,128,0.015310
omp,1,21,2048,4.026813
omp,1,21,256,0.061810
omp,1,21,32,0.000927
omp,1,21,4096,16.028130
omp,1,21,512,0.249905
omp,1,21,64,0.003774
omp,1,21,8,0.000063
omp,1,22,1024,0.971406
omp,1,22,128,0.015388
omp,1,22,2048,4.010745
omp,1,22,256,0.062874
omp,1,22,32,0.000945
omp,1,22,4096,15.556841
omp,1,22,512,0.251949
omp,1,22,64,0.003760
omp,1,22,8,0.000061
omp,1,23,1024,1.001410
omp,1,23,128,0.016165
omp,1,23,2048,4.007657
omp,1,23,256,0.062464
omp,1,23,32,0.000929
omp,1,23,4096,16.022307
omp,1,23,512,0.249458
omp,1,23,64,0.003829
omp,1,23,8,0.000061
omp,1,24,1024,0.975445
omp,1,24,128,0.016056
omp,1,24,2048,3.902895
omp,1,24,256,0.064040
omp,1,24,32,0.000896
omp,1,24,4096,16.011609
omp,1,24,512,0.244610
omp,1,24,64,0.003781
omp,1,24,8,0.000063
omp,1,25,1024,1.001369
omp,1,25,128,0.015499
omp,1,25,2048,3.913331
omp,1,25,256,0.062285
omp,1,25,32,0.000888
omp,1,25,4096,15.582371
omp,1,25,512,0.249985
omp,1,25,64,0.003803
omp,1,25,8,0.000060
omp,1,26,1024,1.000142
omp,1,26,128,0.015548
omp,1,26,2048,3.905301
omp,1,26,256,0.062440
omp,1,26,32,0.000917
omp,1,26,4096,16.039080
omp,1,26,512,0.250539
omp,1,26,64,0.003826
omp,1,26,8,0.000064
omp,1,27,1024,0.977255
omp,1,27,128,0.015667
omp,1,27,2048,3.905880
omp,1,27,256,0.063862
omp,1,27,32,0.000917
omp,1,27,4096,16.015752
omp,1,27,512,0.249927
omp,1,27,64,0.003825
omp,1,27,8,0.000066
omp,1,28,1024,0.973923
omp,1,28,128,0.015578
omp,1,28,2048,3.903834
omp,1,28,256,0.061228
omp,1,28,32,0.000886
omp,1,28,4096,16.032370
omp,1,28,512,0.250071
omp,1,28,64,0.003836
omp,1,28,8,0.000065
omp,1,29,1024,0.977737
omp,1,29,128,0.015570
omp,1,29,2048,3.918843
omp,1,29,256,0.062329
omp,1,29,32,0.000981
omp,1,29,4096,16.025812
omp,1,29,512,0.250134
omp,1,29,64,0.003779
omp,1,29,8,0.000065
omp,1,30,1024,1.000454
omp,1,30,128,0.015404
omp,1,30,2048,4.013118
omp,1,30,256,0.061657
omp,1,30,32,0.000930
omp,1,30,4096,15.572741
omp,1,30,512,0.250273
omp,1,30,64,0.003866
omp,1,30,8,0.000061
omp,2,1,1024,0.503279
omp,2,1,128,0.007809
omp,2,1,2048,2.010537
omp,2,1,256,0.031660
omp,2,1,32,0.000541
omp,2,1,4096,7.937609
omp,2,1,512,0.127547
omp,2,1,64,0.002040
omp,2,1,8,0.000100
omp,2,2,1024,0.501900
omp,2,2,128,0.007818
omp,2,2,2048,2.010213
omp,2,2,256,0.031489
omp,2,2,32,0.000543
omp,2,2,4096,8.028669
omp,2,2,512,0.125285
omp,2,2,64,0.002037
omp,2,2,8,0.000101
omp,2,3,1024,0.501349
omp,2,3,128,0.007879
omp,2,3,2048,2.011300
omp,2,3,256,0.031579
omp,2,3,32,0.000621
omp,2,3,4096,8.021783
omp,2,3,512,0.125804
omp,2,3,64,0.002008
omp,2,3,8,0.000107
omp,2,4,1024,0.501136
omp,2,4,128,0.007891
omp,2,4,2048,2.008539
omp,2,4,256,0.031455
omp,2,4,32,0.000541
omp,2,4,4096,8.043039
omp,2,4,512,0.125879
omp,2,4,64,0.002019
omp,2,4,8,0.000106
omp,2,5,1024,0.502267
omp,2,5,128,0.007858
omp,2,5,2048,2.010139
omp,2,5,256,0.031665
omp,2,5,32,0.000542
omp,2,5,4096,8.026703
omp,2,5,512,0.126604
omp,2,5,64,0.001968
omp,2,5,8,0.000103
omp,2,6,1024,0.501606
omp,2,6,128,0.007878
omp,2,6,2048,2.006096
omp,2,6,256,0.031525
omp,2,6,32,0.000550
omp,2,6,4096,8.024343
omp,2,6,512,0.127342
omp,2,6,64,0.001994
omp,2,6,8,0.000110
omp,2,7,1024,0.501380
omp,2,7,128,0.007870
omp,2,7,2048,2.009004
omp,2,7,256,0.031743
omp,2,7,32,0.000540
omp,2,7,4096,8.022539
omp,2,7,512,0.125509
omp,2,7,64,0.002026
omp,2,7,8,0.000107
omp,2,8,1024,0.508449
omp,2,8,128,0.007849
omp,2,8,2048,2.011339
omp,2,8,256,0.031870
omp,2,8,32,0.000543
omp,2,8,4096,8.019960
omp,2,8,512,0.127210
omp,2,8,64,0.002021
omp,2,8,8,0.000104
omp,2,9,1024,0.501706
omp,2,9,128,0.007902
omp,2,9,2048,2.013912
omp,2,9,256,0.031970
omp,2,9,32,0.000556
omp,2,9,4096,8.019807
omp,2,9,512,0.125383
omp,2,9,64,0.001975
omp,2,9,8,0.000104
omp,2,10,1024,0.501278
omp,2,10,128,0.007894
omp,2,10,2048,2.004416
omp,2,10,256,0.032763
omp,2,10,32,0.000631
omp,2,10,4096,8.017396
omp,2,10,512,0.125794
omp,2,10,64,0.002028
omp,2,10,8,0.000104
omp,2,11,1024,0.503745
omp,2,11,128,0.007900
omp,2,11,2048,1.995995
omp,2,11,256,0.031962
omp,2,11,32,0.000573
omp,2,11,4096,8.017577
omp,2,11,512,0.125928
omp,2,11,64,0.002035
omp,2,11,8,0.000100
omp,2,12,1024,0.501989
omp,2,12,128,0.007791
omp,2,12,2048,1.997812
omp,2,12,256,0.032654
omp,2,12,32,0.000539
omp,2,12,4096,8.018920
omp,2,12,512,0.126323
omp,2,12,64,0.002032
omp,2,12,8,0.000104
omp,2,13,1024,0.502014
omp,2,13,128,0.007783
omp,2,13,2048,2.009564
omp,2,13,256,0.031542
omp,2,13,32,0.000612
omp,2,13,4096,8.024261
omp,2,13,512,0.126507
omp,2,13,64,0.001970
omp,2,13,8,0.000102
omp,2,14,1024,0.504733
omp,2,14,128,0.007888
omp,2,14,2048,2.011196
omp,2,14,256,0.031782
omp,2,14,32,0.000557
omp,2,14,4096,8.021884
omp,2,14,512,0.126067
omp,2,14,64,0.001976
omp,2,14,8,0.000102
omp,2,15,1024,0.501341
omp,2,15,128,0.007888
omp,2,15,2048,2.008937
omp,2,15,256,0.031756
omp,2,15,32,0.000546
omp,2,15,4096,8.019057
omp,2,15,512,0.125396
omp,2,15,64,0.001989
omp,2,15,8,0.000071
omp,2,16,1024,0.501974
omp,2,16,128,0.007818
omp,2,16,2048,2.009936
omp,2,16,256,0.031751
omp,2,16,32,0.000586
omp,2,16,4096,8.032752
omp,2,16,512,0.127186
omp,2,16,64,0.001969
omp,2,16,8,0.000147
omp,2,17,1024,0.501927
omp,2,17,128,0.007885
omp,2,17,2048,2.010466
omp,2,17,256,0.031679
omp,2,17,32,0.000534
omp,2,17,4096,8.032795
omp,2,17,512,0.125046
omp,2,17,64,0.001994
omp,2,17,8,0.000104
omp,2,18,1024,0.501008
omp,2,18,128,0.007733
omp,2,18,2048,2.012679
omp,2,18,256,0.031535
omp,2,18,32,0.000552
omp,2,18,4096,8.021806
omp,2,18,512,0.125252
omp,2,18,64,0.001968
omp,2,18,8,0.000074
omp,2,19,1024,0.501719
omp,2,19,128,0.007830
omp,2,19,2048,2.008933
omp,2,19,256,0.031589
omp,2,19,32,0.000546
omp,2,19,4096,8.026540
omp,2,19,512,0.126762
omp,2,19,64,0.001970
omp,2,19,8,0.000106
omp,2,20,1024,0.501954
omp,2,20,128,0.007833
omp,2,20,2048,2.007991
omp,2,20,256,0.031586
omp,2,20,32,0.000540
omp,2,20,4096,8.027172
omp,2,20,512,0.125851
omp,2,20,64,0.001974
omp,2,20,8,0.000107
omp,2,21,1024,0.500859
omp,2,21,128,0.007888
omp,2,21,2048,2.015584
omp,2,21,256,0.031987
omp,2,21,32,0.000645
omp,2,21,4096,8.017874
omp,2,21,512,0.125852
omp,2,21,64,0.001966
omp,2,21,8,0.000071
omp,2,22,1024,0.501563
omp,2,22,128,0.007869
omp,2,22,2048,2.007277
omp,2,22,256,0.031590
omp,2,22,32,0.000541
omp,2,22,4096,8.032091
omp,2,22,512,0.126201
omp,2,22,64,0.002030
omp,2,22,8,0.000104
omp,2,23,1024,0.502677
omp,2,23,128,0.007878
omp,2,23,2048,2.007669
omp,2,23,256,0.031643
omp,2,23,32,0.000537
omp,2,23,4096,8.028321
omp,2,23,512,0.126909
omp,2,23,64,0.002033
omp,2,23,8,0.000110
omp,2,24,1024,0.501944
omp,2,24,128,0.007833
omp,2,24,2048,2.011914
omp,2,24,256,0.031922
omp,2,24,32,0.000590
omp,2,24,4096,8.026983
omp,2,24,512,0.126659
omp,2,24,64,0.002032
omp,2,24,8,0.000095
omp,2,25,1024,0.501206
omp,2,25,128,0.007799
omp,2,25,2048,2.009024
omp,2,25,256,0.031339
omp,2,25,32,0.000661
omp,2,25,4096,8.029852
omp,2,25,512,0.125936
omp,2,25,64,0.001968
omp,2,25,8,0.000068
omp,2,26,1024,0.501319
omp,2,26,128,0.007883
omp,2,26,2048,2.007221
omp,2,26,256,0.031480
omp,2,26,32,0.000542
omp,2,26,4096,8.017215
omp,2,26,512,0.125570
omp,2,26,64,0.001993
omp,2,26,8,0.000095
omp,2,27,1024,0.496271
omp,2,27,128,0.007853
omp,2,27,2048,1.986525
omp,2,27,256,0.032032
omp,2,27,32,0.000531
omp,2,27,4096,8.031564
omp,2,27,512,0.126911
omp,2,27,64,0.002028
omp,2,27,8,0.000136
omp,2,28,1024,0.502540
omp,2,28,128,0.007766
omp,2,28,2048,2.008947
omp,2,28,256,0.031619
omp,2,28,32,0.000548
omp,2,28,4096,8.015021
omp,2,28,512,0.125573
omp,2,28,64,0.002038
omp,2,28,8,0.000105
omp,2,29,1024,0.501358
omp,2,29,128,0.007739
omp,2,29,2048,2.010255
omp,2,29,256,0.031697
omp,2,29,32,0.000545
omp,2,29,4096,8.023233
omp,2,29,512,0.124787
omp,2,29,64,0.002049
omp,2,29,8,0.000103
omp,2,30,1024,0.502694
omp,2,30,128,0.007884
omp,2,30,2048,2.012407
omp,2,30,256,0.031618
omp,2,30,32,0.000591
omp,2,30,4096,8.013064
omp,2,30,512,0.126208
omp,2,30,64,0.001967
omp,2,30,8,0.000105
omp,4,1,1024,0.255054
omp,4,1,128,0.004041
omp,4,1,2048,1.022951
omp,4,1,256,0.016997
omp,4,1,32,0.000360
omp,4,1,4096,4.064340
omp,4,1,512,0.064659
omp,4,1,64,0.001128
omp,4,1,8,0.000119
omp,4,2,1024,0.254950
omp,4,2,128,0.004080
omp,4,2,2048,1.025337
omp,4,2,256,0.016153
omp,4,2,32,0.000361
omp,4,2,4096,4.069856
omp,4,2,512,0.065129
omp,4,2,64,0.001140
omp,4,2,8,0.000129
omp,4,3,1024,0.255056
omp,4,3,128,0.004035
omp,4,3,2048,1.018620
omp,4,3,256,0.016849
omp,4,3,32,0.000364
omp,4,3,4096,4.052512
omp,4,3,512,0.064120
omp,4,3,64,0.001122
omp,4,3,8,0.000091
omp,4,4,1024,0.254900
omp,4,4,128,0.004104
omp,4,4,2048,1.018503
omp,4,4,256,0.016130
omp,4,4,32,0.000368
omp,4,4,4096,4.043705
omp,4,4,512,0.064210
omp,4,4,64,0.001131
omp,4,4,8,0.000128
omp,4,5,1024,0.254498
omp,4,5,128,0.004093
omp,4,5,2048,1.027357
omp,4,5,256,0.016130
omp,4,5,32,0.000374
omp,4,5,4096,4.098544
omp,4,5,512,0.064334
omp,4,5,64,0.001078
omp,4,5,8,0.000128
omp,4,6,1024,0.266388
omp,4,6,128,0.004125
omp,4,6,2048,1.024960
omp,4,6,256,0.016610
omp,4,6,32,0.000378
omp,4,6,4096,4.064993
omp,4,6,512,0.065004
omp,4,6,64,0.001077
omp,4,6,8,0.000130
omp,4,7,1024,0.254712
omp,4,7,128,0.004107
omp,4,7,2048,1.018028
omp,4,7,256,0.016908
omp,4,7,32,0.000354
omp,4,7,4096,4.068890
omp,4,7,512,0.064136
omp,4,7,64,0.001073
omp,4,7,8,0.000131
omp,4,8,1024,0.255704
omp,4,8,128,0.004079
omp,4,8,2048,1.024142
omp,4,8,256,0.015964
omp,4,8,32,0.000394
omp,4,8,4096,4.084118
omp,4,8,512,0.067150
omp,4,8,64,0.001095
omp,4,8,8,0.000127
omp,4,9,1024,0.254899
omp,4,9,128,0.004044
omp,4,9,2048,1.016551
omp,4,9,256,0.016439
omp,4,9,32,0.000355
omp,4,9,4096,4.051891
omp,4,9,512,0.065740
omp,4,9,64,0.001125
omp,4,9,8,0.000129
omp,4,10,1024,0.252656
omp,4,10,128,0.004125
omp,4,10,2048,1.016272
omp,4,10,256,0.016191
omp,4,10,32,0.000357
omp,4,10,4096,4.093913
omp,4,10,512,0.064659
omp,4,10,64,0.001089
omp,4,10,8,0.000126
omp,4,11,1024,0.262244
omp,4,11,128,0.004023
omp,4,11,2048,1.021072
omp,4,11,256,0.016414
omp,4,11,32,0.000366
omp,4,11,4096,4.084638
omp,4,11,512,0.064537
omp,4,11,64,0.001113
omp,4,11,8,0.000097
omp,4,12,1024,0.254354
omp,4,12,128,0.004046
omp,4,12,2048,1.026706
omp,4,12,256,0.016889
omp,4,12,32,0.000354
omp,4,12,4096,4.054032
omp,4,12,512,0.064665
omp,4,12,64,0.001076
omp,4,12,8,0.000135
omp,4,13,1024,0.254645
omp,4,13,128,0.004072
omp,4,13,2048,1.025737
omp,4,13,256,0.016802
omp,4,13,32,0.000439
omp,4,13,4096,4.071060
omp,4,13,512,0.070775
omp,4,13,64,0.001087
omp,4,13,8,0.000126
omp,4,14,1024,0.254339
omp,4,14,128,0.004170
omp,4,14,2048,1.025409
omp,4,14,256,0.016881
omp,4,14,32,0.000364
omp,4,14,4096,4.086052
omp,4,14,512,0.066026
omp,4,14,64,0.001092
omp,4,14,8,0.000116
omp,4,15,1024,0.254969
omp,4,15,128,0.004101
omp,4,15,2048,1.024060
omp,4,15,256,0.016906
omp,4,15,32,0.000348
omp,4,15,4096,4.059302
omp,4,15,512,0.065058
omp,4,15,64,0.001119
omp,4,15,8,0.000125
omp,4,16,1024,0.255321
omp,4,16,128,0.004058
omp,4,16,2048,1.026571
omp,4,16,256,0.016250
omp,4,16,32,0.000380
omp,4,16,4096,4.069120
omp,4,16,512,0.064586
omp,4,16,64,0.001155
omp,4,16,8,0.000149
omp,4,17,1024,0.255673
omp,4,17,128,0.004143
omp,4,17,2048,1.022530
omp,4,17,256,0.016131
omp,4,17,32,0.000339
omp,4,17,4096,4.065414
omp,4,17,512,0.064960
omp,4,17,64,0.001097
omp,4,17,8,0.000159
omp,4,18,1024,0.255997
omp,4,18,128,0.004113
omp,4,18,2048,1.025753
omp,4,18,256,0.016859
omp,4,18,32,0.000360
omp,4,18,4096,4.090427
omp,4,18,512,0.064430
omp,4,18,64,0.001087
omp,4,18,8,0.000130
omp,4,19,1024,0.254352
omp,4,19,128,0.004129
omp,4,19,2048,1.021579
omp,4,19,256,0.016158
omp,4,19,32,0.000347
omp,4,19,4096,4.083285
omp,4,19,512,0.064532
omp,4,19,64,0.001074
omp,4,19,8,0.000136
omp,4,20,1024,0.252880
omp,4,20,128,0.004095
omp,4,20,2048,1.023131
omp,4,20,256,0.016257
omp,4,20,32,0.000360
omp,4,20,4096,4.088476
omp,4,20,512,0.064117
omp,4,20,64,0.001118
omp,4,20,8,0.000111
omp,4,21,1024,0.255544
omp,4,21,128,0.004086
omp,4,21,2048,1.016833
omp,4,21,256,0.016008
omp,4,21,32,0.000373
omp,4,21,4096,4.070514
omp,4,21,512,0.065097
omp,4,21,64,0.001103
omp,4,21,8,0.000129
omp,4,22,1024,0.254405
omp,4,22,128,0.004064
omp,4,22,2048,1.015224
omp,4,22,256,0.016819
omp,4,22,32,0.000367
omp,4,22,4096,4.052336
omp,4,22,512,0.064569
omp,4,22,64,0.001091
omp,4,22,8,0.000159
omp,4,23,1024,0.254030
omp,4,23,128,0.004192
omp,4,23,2048,1.025293
omp,4,23,256,0.016994
omp,4,23,32,0.000357
omp,4,23,4096,4.052036
omp,4,23,512,0.064988
omp,4,23,64,0.001126
omp,4,23,8,0.000203
omp,4,24,1024,0.253264
omp,4,24,128,0.004060
omp,4,24,2048,1.018341
omp,4,24,256,0.016112
omp,4,24,32,0.000375
omp,4,24,4096,4.053646
omp,4,24,512,0.064025
omp,4,24,64,0.001090
omp,4,24,8,0.000154
omp,4,25,1024,0.253454
omp,4,25,128,0.004047
omp,4,25,2048,1.014941
omp,4,25,256,0.016907
omp,4,25,32,0.000399
omp,4,25,4096,4.087905
omp,4,25,512,0.065071
omp,4,25,64,0.001134
omp,4,25,8,0.000119
omp,4,26,1024,0.257476
omp,4,26,128,0.004003
omp,4,26,2048,1.013817
omp,4,26,256,0.016151
omp,4,26,32,0.000375
omp,4,26,4096,4.060032
omp,4,26,512,0.065334
omp,4,26,64,0.001103
omp,4,26,8,0.000123
omp,4,27,1024,0.255950
omp,4,27,128,0.004001
omp,4,27,2048,1.025055
omp,4,27,256,0.016974
omp,4,27,32,0.000378
omp,4,27,4096,4.052069
omp,4,27,512,0.065208
omp,4,27,64,0.001101
omp,4,27,8,0.000157
omp,4,28,1024,0.254805
omp,4,28,128,0.004089
omp,4,28,2048,1.016397
omp,4,28,256,0.016059
omp,4,28,32,0.000379
omp,4,28,4096,4.082333
omp,4,28,512,0.064992
omp,4,28,64,0.001128
omp,4,28,8,0.000152
omp,4,29,1024,0.255383
omp,4,29,128,0.004031
omp,4,29,2048,1.015165
omp,4,29,256,0.016995
omp,4,29,32,0.000369
omp,4,29,4096,4.047453
omp,4,29,512,0.065534
omp,4,29,64,0.001114
omp,4,29,8,0.000149
omp,4,30,1024,0.255034
omp,4,30,128,0.004104
omp,4,30,2048,1.027443
omp,4,30,256,0.016251
omp,4,30,32,0.000378
omp,4,30,4096,4.062327
omp,4,30,512,0.064160
omp,4,30,64,0.001098
omp,4,30,8,0.000119
omp,8,1,1024,0.212993
omp,8,1,128,0.003375
omp,8,1,2048,0.842148
omp,8,1,256,0.013223
omp,8,1,32,0.000358
omp,8,1,4096,3.349014
omp,8,1,512,0.052334
omp,8,1,64,0.000957
omp,8,1,8,0.000169
omp,8,2,1024,0.207156
omp,8,2,128,0.003353
omp,8,2,2048,0.841370
omp,8,2,256,0.013364
omp,8,2,32,0.000358
omp,8,2,4096,3.333973
omp,8,2,512,0.051875
omp,8,2,64,0.000957
omp,8,2,8,0.000157
omp,8,3,1024,0.206774
omp,8,3,128,0.003354
omp,8,3,2048,0.829505
omp,8,3,256,0.013267
omp,8,3,32,0.000356
omp,8,3,4096,3.369873
omp,8,3,512,0.051983
omp,8,3,64,0.000971
omp,8,3,8,0.000179
omp,8,4,1024,0.208750
omp,8,4,128,0.003345
omp,8,4,2048,0.836737
omp,8,4,256,0.013282
omp,8,4,32,0.000356
omp,8,4,4096,3.357963
omp,8,4,512,0.052941
omp,8,4,64,0.000946
omp,8,4,8,0.000177
omp,8,5,1024,0.212075
omp,8,5,128,0.003386
omp,8,5,2048,0.849825
omp,8,5,256,0.013030
omp,8,5,32,0.000345
omp,8,5,4096,3.333906
omp,8,5,512,0.051891
omp,8,5,64,0.000940
omp,8,5,8,0.000173
omp,8,6,1024,0.209214
omp,8,6,128,0.003374
omp,8,6,2048,0.835313
omp,8,6,256,0.013083
omp,8,6,32,0.000341
omp,8,6,4096,3.477730
omp,8,6,512,0.051855
omp,8,6,64,0.000962
omp,8,6,8,0.000172
omp,8,7,1024,0.210698
omp,8,7,128,0.003368
omp,8,7,2048,0.835255
omp,8,7,256,0.013072
omp,8,7,32,0.000359
omp,8,7,4096,3.392248
omp,8,7,512,0.052052
omp,8,7,64,0.000964
omp,8,7,8,0.000152
omp,8,8,1024,0.215825
omp,8,8,128,0.003454
omp,8,8,2048,0.881207
omp,8,8,256,0.013135
omp,8,8,32,0.000364
omp,8,8,4096,3.412837
omp,8,8,512,0.053033
omp,8,8,64,0.000940
omp,8,8,8,0.000151
omp,8,9,1024,0.213398
omp,8,9,128,0.003371
omp,8,9,2048,0.860747
omp,8,9,256,0.013019
omp,8,9,32,0.000352
omp,8,9,4096,3.403141
omp,8,9,512,0.051956
omp,8,9,64,0.000934
omp,8,9,8,0.000178
omp,8,10,1024,0.207032
omp,8,10,128,0.003346
omp,8,10,2048,0.832707
omp,8,10,256,0.013244
omp,8,10,32,0.000382
omp,8,10,4096,3.419769
omp,8,10,512,0.051841
omp,8,10,64,0.000939
omp,8,10,8,0.000154
omp,8,11,1024,0.208575
omp,8,11,128,0.003350
omp,8,11,2048,0.847790
omp,8,11,256,0.013257
omp,8,11,32,0.000338
omp,8,11,4096,3.378080
omp,8,11,512,0.053882
omp,8,11,64,0.000972
omp,8,11,8,0.000166
omp,8,12,1024,0.209326
omp,8,12,128,0.003351
omp,8,12,2048,0.834937
omp,8,12,256,0.013272
omp,8,12,32,0.000348
omp,8,12,4096,3.362751
omp,8,12,512,0.053777
omp,8,12,64,0.000932
omp,8,12,8,0.000183
omp,8,13,1024,0.211617
omp,8,13,128,0.003374
omp,8,13,2048,0.871245
omp,8,13,256,0.012990
omp,8,13,32,0.000347
omp,8,13,4096,3.427871
omp,8,13,512,0.051879
omp,8,13,64,0.000965
omp,8,13,8,0.000170
omp,8,14,1024,0.210990
omp,8,14,128,0.003324
omp,8,14,2048,0.849322
omp,8,14,256,0.013741
omp,8,14,32,0.000361
omp,8,14,4096,3.395725
omp,8,14,512,0.053048
omp,8,14,64,0.000961
omp,8,14,8,0.000182
omp,8,15,1024,0.211389
omp,8,15,128,0.003406
omp,8,15,2048,0.849829
omp,8,15,256,0.013349
omp,8,15,32,0.000345
omp,8,15,4096,3.419508
omp,8,15,512,0.051773
omp,8,15,64,0.000946
omp,8,15,8,0.000173
omp,8,16,1024,0.211641
omp,8,16,128,0.003543
omp,8,16,2048,0.850586
omp,8,16,256,0.013036
omp,8,16,32,0.000353
omp,8,16,4096,3.333288
omp,8,16,512,0.051956
omp,8,16,64,0.000963
omp,8,16,8,0.000187
omp,8,17,1024,0.210201
omp,8,17,128,0.003383
omp,8,17,2048,0.877986
omp,8,17,256,0.013139
omp,8,17,32,0.000364
omp,8,17,4096,3.374536
omp,8,17,512,0.051772
omp,8,17,64,0.000940
omp,8,17,8,0.000183
omp,8,18,1024,0.210702
omp,8,18,128,0.003364
omp,8,18,2048,0.859290
omp,8,18,256,0.013329
omp,8,18,32,0.000357
omp,8,18,4096,3.584032
omp,8,18,512,0.056538
omp,8,18,64,0.000983
omp,8,18,8,0.000146
omp,8,19,1024,0.226100
omp,8,19,128,0.003542
omp,8,19,2048,0.863908
omp,8,19,256,0.018238
omp,8,19,32,0.000353
omp,8,19,4096,3.545518
omp,8,19,512,0.052111
omp,8,19,64,0.000960
omp,8,19,8,0.000170
omp,8,20,1024,0.220331
omp,8,20,128,0.003541
omp,8,20,2048,0.889869
omp,8,20,256,0.013187
omp,8,20,32,0.000366
omp,8,20,4096,3.454086
omp,8,20,512,0.052977
omp,8,20,64,0.000990
omp,8,20,8,0.000155
omp,8,21,1024,0.219302
omp,8,21,128,0.003520
omp,8,21,2048,0.847482
omp,8,21,256,0.013011
omp,8,21,32,0.000347
omp,8,21,4096,3.352192
omp,8,21,512,0.052068
omp,8,21,64,0.000974
omp,8,21,8,0.000161
omp,8,22,1024,0.217120
omp,8,22,128,0.003352
omp,8,22,2048,0.857165
omp,8,22,256,0.013442
omp,8,22,32,0.000358
omp,8,22,4096,3.430887
omp,8,22,512,0.051964
omp,8,22,64,0.000944
omp,8,22,8,0.000183
omp,8,23,1024,0.210152
omp,8,23,128,0.003368
omp,8,23,2048,0.859296
omp,8,23,256,0.013196
omp,8,23,32,0.000356
omp,8,23,4096,3.426373
omp,8,23,512,0.051907
omp,8,23,64,0.000948
omp,8,23,8,0.000148
omp,8,24,1024,0.209151
omp,8,24,128,0.003323
omp,8,24,2048,0.842709
omp,8,24,256,0.013282
omp,8,24,32,0.000346
omp,8,24,4096,3.328413
omp,8,24,512,0.052633
omp,8,24,64,0.000960
omp,8,24,8,0.000172
omp,8,25,1024,0.207993
omp,8,25,128,0.003378
omp,8,25,2048,0.837274
omp,8,25,256,0.013253
omp,8,25,32,0.000757
omp,8,25,4096,3.425372
omp,8,25,512,0.052915
omp,8,25,64,0.000942
omp,8,25,8,0.000179
omp,8,26,1024,0.206805
omp,8,26,128,0.003337
omp,8,26,2048,0.857864
omp,8,26,256,0.013334
omp,8,26,32,0.000341
omp,8,26,4096,3.421145
omp,8,26,512,0.051840
omp,8,26,64,0.000964
omp,8,26,8,0.000177
omp,8,27,1024,0.209371
omp,8,27,128,0.003360
omp,8,27,2048,0.868022
omp,8,27,256,0.013274
omp,8,27,32,0.000362
omp,8,27,4096,3.339693
omp,8,27,512,0.051950
omp,8,27,64,0.000961
omp,8,27,8,0.000150
omp,8,28,1024,0.207662
omp,8,28,128,0.003333
omp,8,28,2048,0.846003
omp,8,28,256,0.013014
omp,8,28,32,0.000329
omp,8,28,4096,3.344380
omp,8,28,512,0.052878
omp,8,28,64,0.000944
omp,8,28,8,0.000168
omp,8,29,1024,0.207188
omp,8,29,128,0.003375
omp,8,29,2048,0.837447
omp,8,29,256,0.012983
omp,8,29,32,0.000359
omp,8,29,4096,3.412433
omp,8,29,512,0.051854
omp,8,29,64,0.000958
omp,8,29,8,0.000182
omp,8,30,1024,0.211160
omp,8,30,128,0.003365
omp,8,30,2048,0.835423
omp,8,30,256,0.013073
omp,8,30,32,0.000358
omp,8,30,4096,3.445634
omp,8,30,512,0.052379
omp,8,30,64,0.001015
omp,8,30,8,0.000169
omp,16,1,1024,0.205862
omp,16,1,128,0.004411
omp,16,1,2048,0.780771
omp,16,1,256,0.013094
omp,16,1,32,0.001627
omp,16,1,4096,2.656323
omp,16,1,512,0.049312
omp,16,1,64,0.002239
omp,16,1,8,0.001488
omp,16,2,1024,0.204120
omp,16,2,128,0.004365
omp,16,2,2048,0.806912
omp,16,2,256,0.013481
omp,16,2,32,0.001661
omp,16,2,4096,2.666637
omp,16,2,512,0.050135
omp,16,2,64,0.002288
omp,16,2,8,0.001474
omp,16,3,1024,0.201289
omp,16,3,128,0.004391
omp,16,3,2048,0.781393
omp,16,3,256,0.013754
omp,16,3,32,0.001715
omp,16,3,4096,2.696177
omp,16,3,512,0.050151
omp,16,3,64,0.002200
omp,16,3,8,0.001475
omp,16,4,1024,0.202324
omp,16,4,128,0.004660
omp,16,4,2048,0.780404
omp,16,4,256,0.013874
omp,16,4,32,0.001735
omp,16,4,4096,2.677946
omp,16,4,512,0.048903
omp,16,4,64,0.002165
omp,16,4,8,0.001459
omp,16,5,1024,0.200969
omp,16,5,128,0.004389
omp,16,5,2048,0.783805
omp,16,5,256,0.013518
omp,16,5,32,0.001668
omp,16,5,4096,2.702788
omp,16,5,512,0.048316
omp,16,5,64,0.002227
omp,16,5,8,0.001498
omp,16,6,1024,0.202113
omp,16,6,128,0.004364
omp,16,6,2048,0.777913
omp,16,6,256,0.014197
omp,16,6,32,0.001603
omp,16,6,4096,2.670014
omp,16,6,512,0.046920
omp,16,6,64,0.002236
omp,16,6,8,0.001485
omp,16,7,1024,0.201596
omp,16,7,128,0.004415
omp,16,7,2048,0.789849
omp,16,7,256,0.013472
omp,16,7,32,0.001662
omp,16,7,4096,2.693799
omp,16,7,512,0.047996
omp,16,7,64,0.002316
omp,16,7,8,0.001494
omp,16,8,1024,0.201913
omp,16,8,128,0.004459
omp,16,8,2048,0.794904
omp,16,8,256,0.013625
omp,16,8,32,0.001680
omp,16,8,4096,2.680276
omp,16,8,512,0.050806
omp,16,8,64,0.002307
omp,16,8,8,0.001496
omp,16,9,1024,0.202540
omp,16,9,128,0.004599
omp,16,9,2048,0.792887
omp,16,9,256,0.013769
omp,16,9,32,0.001705
omp,16,9,4096,2.701463
omp,16,9,512,0.049314
omp,16,9,64,0.002209
omp,16,9,8,0.001484
omp,16,10,1024,0.202647
omp,16,10,128,0.004432
omp,16,10,2048,0.793585
omp,16,10,256,0.013911
omp,16,10,32,0.001649
omp,16,10,4096,2.688786
omp,16,10,512,0.049181
omp,16,10,64,0.002286
omp,16,10,8,0.001436
omp,16,11,1024,0.203891
omp,16,11,128,0.004760
omp,16,11,2048,0.786472
omp,16,11,256,0.013611
omp,16,11,32,0.001693
omp,16,11,4096,2.720336
omp,16,11,512,0.047823
omp,16,11,64,0.002344
omp,16,11,8,0.001473
omp,16,12,1024,0.206492
omp,16,12,128,0.004668
omp,16,12,2048,0.796271
omp,16,12,256,0.013252
omp,16,12,32,0.002068
omp,16,12,4096,2.687869
omp,16,12,512,0.051317
omp,16,12,64,0.002288
omp,16,12,8,0.001490
omp,16,13,1024,0.201674
omp,16,13,128,0.004548
omp,16,13,2048,0.806369
omp,16,13,256,0.013440
omp,16,13,32,0.001693
omp,16,13,4096,2.704637
omp,16,13,512,0.049153
omp,16,13,64,0.002303
omp,16,13,8,0.001506
omp,16,14,1024,0.204609
omp,16,14,128,0.004418
omp,16,14,2048,0.784472
omp,16,14,256,0.013278
omp,16,14,32,0.001702
omp,16,14,4096,2.722065
omp,16,14,512,0.048158
omp,16,14,64,0.002276
omp,16,14,8,0.001546
omp,16,15,1024,0.200385
omp,16,15,128,0.004744
omp,16,15,2048,0.795594
omp,16,15,256,0.013814
omp,16,15,32,0.001643
omp,16,15,4096,2.728662
omp,16,15,512,0.049136
omp,16,15,64,0.002244
omp,16,15,8,0.001466
omp,16,16,1024,0.200500
omp,16,16,128,0.004427
omp,16,16,2048,0.792828
omp,16,16,256,0.013457
omp,16,16,32,0.001664
omp,16,16,4096,2.693789
omp,16,16,512,0.049619
omp,16,16,64,0.002381
omp,16,16,8,0.001486
omp,16,17,1024,0.205843
omp,16,17,128,0.004458
omp,16,17,2048,0.785600
omp,16,17,256,0.014054
omp,16,17,32,0.001655
omp,16,17,4096,2.686020
omp,16,17,512,0.049874
omp,16,17,64,0.002255
omp,16,17,8,0.001448
omp,16,18,1024,0.206436
omp,16,18,128,0.004633
omp,16,18,2048,0.800741
omp,16,18,256,0.013737
omp,16,18,32,0.001696
omp,16,18,4096,2.704448
omp,16,18,512,0.050420
omp,16,18,64,0.002328
omp,16,18,8,0.001526
omp,16,19,1024,0.204998
omp,16,19,128,0.004557
omp,16,19,2048,0.788161
omp,16,19,256,0.013600
omp,16,19,32,0.001684
omp,16,19,4096,2.675806
omp,16,19,512,0.052569
omp,16,19,64,0.002274
omp,16,19,8,0.002087
omp,16,20,1024,0.202832
omp,16,20,128,0.004392
omp,16,20,2048,0.800201
omp,16,20,256,0.013957
omp,16,20,32,0.001639
omp,16,20,4096,2.704689
omp,16,20,512,0.049834
omp,16,20,64,0.002379
omp,16,20,8,0.001491
omp,16,21,1024,0.202711
omp,16,21,128,0.004530
omp,16,21,2048,0.784094
omp,16,21,256,0.013744
omp,16,21,32,0.001663
omp,16,21,4096,2.730035
omp,16,21,512,0.048786
omp,16,21,64,0.002283
omp,16,21,8,0.001455
omp,16,22,1024,0.204678
omp,16,22,128,0.004551
omp,16,22,2048,0.798506
omp,16,22,256,0.013488
omp,16,22,32,0.001989
omp,16,22,4096,2.691272
omp,16,22,512,0.049207
omp,16,22,64,0.002201
omp,16,22,8,0.001460
omp,16,23,1024,0.203671
omp,16,23,128,0.004388
omp,16,23,2048,0.784958
omp,16,23,256,0.013706
omp,16,23,32,0.001707
omp,16,23,4096,2.677185
omp,16,23,512,0.049378
omp,16,23,64,0.002476
omp,16,23,8,0.001509
omp,16,24,1024,0.199830
omp,16,24,128,0.004583
omp,16,24,2048,0.783829
omp,16,24,256,0.013614
omp,16,24,32,0.001787
omp,16,24,4096,2.698585
omp,16,24,512,0.049759
omp,16,24,64,0.002195
omp,16,24,8,0.001500
omp,16,25,1024,0.196149
omp,16,25,128,0.004453
omp,16,25,2048,0.795561
omp,16,25,256,0.013664
omp,16,25,32,0.001672
omp,16,25,4096,2.707753
omp,16,25,512,0.048571
omp,16,25,64,0.002268
omp,16,25,8,0.001483
omp,16,26,1024,0.203784
omp,16,26,128,0.004518
omp,16,26,2048,0.776487
omp,16,26,256,0.013466
omp,16,26,32,0.001734
omp,16,26,4096,2.707985
omp,16,26,512,0.048536
omp,16,26,64,0.002168
omp,16,26,8,0.001473
omp,16,27,1024,0.199021
omp,16,27,128,0.004601
omp,16,27,2048,0.785867
omp,16,27,256,0.013547
omp,16,27,32,0.002081
omp,16,27,4096,2.695005
omp,16,27,512,0.050997
omp,16,27,64,0.002267
omp,16,27,8,0.001500
omp,16,28,1024,0.204613
omp,16,28,128,0.004488
omp,16,28,2048,0.802476
omp,16,28,256,0.013779
omp,16,28,32,0.002078
omp,16,28,4096,2.730597
omp,16,28,512,0.048752
omp,16,28,64,0.002288
omp,16,28,8,0.001426
omp,16,29,1024,0.199467
omp,16,29,128,0.004670
omp,16,29,2048,0.783084
omp,16,29,256,0.014157
omp,16,29,32,0.002019
omp,16,29,4096,2.736374
omp,16,29,512,0.049360
omp,16,29,64,0.002252
omp,16,29,8,0.001493
omp,16,30,1024,0.200061
omp,16,30,128,0.004599
omp,16,30,2048,0.806396
omp,16,30,256,0.013370
omp,16,30,32,0.001658
omp,16,30,4096,2.703864
omp,16,30,512,0.050953
omp,16,30,64,0.002290
omp,16,30,8,0.001622
omp,32,1,1024,0.164168
omp,32,1,128,0.005876
omp,32,1,2048,0.655211
omp,32,1,256,0.013918
omp,32,1,32,0.003083
omp,32,1,4096,2.492104
omp,32,1,512,0.049306
omp,32,1,64,0.003842
omp,32,1,8,0.003543
omp,32,2,1024,0.165848
omp,32,2,128,0.005988
omp,32,2,2048,0.654695
omp,32,2,256,0.014543
omp,32,2,32,0.003057
omp,32,2,4096,2.488889
omp,32,2,512,0.046339
omp,32,2,64,0.003937
omp,32,2,8,0.002949
omp,32,3,1024,0.165625
omp,32,3,128,0.005903
omp,32,3,2048,0.652973
omp,32,3,256,0.014585
omp,32,3,32,0.003173
omp,32,3,4096,2.506483
omp,32,3,512,0.046807
omp,32,3,64,0.003853
omp,32,3,8,0.002910
omp,32,4,1024,0.165167
omp,32,4,128,0.005966
omp,32,4,2048,0.658092
omp,32,4,256,0.014902
omp,32,4,32,0.003126
omp,32,4,4096,2.506076
omp,32,4,512,0.046288
omp,32,4,64,0.003820
omp,32,4,8,0.002902
omp,32,5,1024,0.166304
omp,32,5,128,0.005836
omp,32,5,2048,0.658112
omp,32,5,256,0.014997
omp,32,5,32,0.003121
omp,32,5,4096,2.507936
omp,32,5,512,0.044956
omp,32,5,64,0.003845
omp,32,5,8,0.002886
omp,32,6,1024,0.166105
omp,32,6,128,0.005913
omp,32,6,2048,0.660233
omp,32,6,256,0.014946
omp,32,6,32,0.003123
omp,32,6,4096,2.513931
omp,32,6,512,0.046736
omp,32,6,64,0.004966
omp,32,6,8,0.002973
omp,32,7,1024,0.166986
omp,32,7,128,0.005850
omp,32,7,2048,0.656771
omp,32,7,256,0.014592
omp,32,7,32,0.003154
omp,32,7,4096,2.515066
omp,32,7,512,0.045483
omp,32,7,64,0.003840
omp,32,7,8,0.002905
omp,32,8,1024,0.166324
omp,32,8,128,0.006083
omp,32,8,2048,0.663361
omp,32,8,256,0.014558
omp,32,8,32,0.003857
omp,32,8,4096,2.503534
omp,32,8,512,0.043499
omp,32,8,64,0.003859
omp,32,8,8,0.002918
omp,32,9,1024,0.165177
omp,32,9,128,0.005721
omp,32,9,2048,0.657915
omp,32,9,256,0.013662
omp,32,9,32,0.002980
omp,32,9,4096,2.520484
omp,32,9,512,0.045951
omp,32,9,64,0.003712
omp,32,9,8,0.002933
omp,32,10,1024,0.166805
omp,32,10,128,0.005790
omp,32,10,2048,0.658600
omp,32,10,256,0.014419
omp,32,10,32,0.003156
omp,32,10,4096,2.493122
omp,32,10,512,0.046003
omp,32,10,64,0.003744
omp,32,10,8,0.002891
omp,32,11,1024,0.166754
omp,32,11,128,0.006149
omp,32,11,2048,0.660495
omp,32,11,256,0.014253
omp,32,11,32,0.003459
omp,32,11,4096,2.505257
omp,32,11,512,0.045367
omp,32,11,64,0.003856
omp,32,11,8,0.002949
omp,32,12,1024,0.167735
omp,32,12,128,0.005852
omp,32,12,2048,0.657306
omp,32,12,256,0.014884
omp,32,12,32,0.003027
omp,32,12,4096,2.505924
omp,32,12,512,0.045833
omp,32,12,64,0.003853
omp,32,12,8,0.002845
omp,32,13,1024,0.167239
omp,32,13,128,0.005877
omp,32,13,2048,0.663624
omp,32,13,256,0.013886
omp,32,13,32,0.003085
omp,32,13,4096,2.513346
omp,32,13,512,0.044977
omp,32,13,64,0.003901
omp,32,13,8,0.002861
omp,32,14,1024,0.166846
omp,32,14,128,0.005950
omp,32,14,2048,0.655776
omp,32,14,256,0.014453
omp,32,14,32,0.003068
omp,32,14,4096,2.512875
omp,32,14,512,0.044537
omp,32,14,64,0.003743
omp,32,14,8,0.002870
omp,32,15,1024,0.166966
omp,32,15,128,0.006040
omp,32,15,2048,0.657776
omp,32,15,256,0.013800
omp,32,15,32,0.003013
omp,32,15,4096,2.517223
omp,32,15,512,0.045181
omp,32,15,64,0.003778
omp,32,15,8,0.002834
omp,32,16,1024,0.167896
omp,32,16,128,0.005870
omp,32,16,2048,0.657651
omp,32,16,256,0.014299
omp,32,16,32,0.003015
omp,32,16,4096,2.514709
omp,32,16,512,0.046145
omp,32,16,64,0.006762
omp,32,16,8,0.003717
omp,32,17,1024,0.166956
omp,32,17,128,0.005891
omp,32,17,2048,0.662789
omp,32,17,256,0.014156
omp,32,17,32,0.004408
omp,32,17,4096,2.492427
omp,32,17,512,0.044084
omp,32,17,64,0.003723
omp,32,17,8,0.002852
omp,32,18,1024,0.168435
omp,32,18,128,0.005908
omp,32,18,2048,0.663076
omp,32,18,256,0.015113
omp,32,18,32,0.003007
omp,32,18,4096,2.502962
omp,32,18,512,0.044769
omp,32,18,64,0.003896
omp,32,18,8,0.002924
omp,32,19,1024,0.166834
omp,32,19,128,0.005954
omp,32,19,2048,0.663827
omp,32,19,256,0.014192
omp,32,19,32,0.004536
omp,32,19,4096,2.517411
omp,32,19,512,0.043930
omp,32,19,64,0.003629
omp,32,19,8,0.002771
omp,32,20,1024,0.166740
omp,32,20,128,0.005841
omp,32,20,2048,0.661418
omp,32,20,256,0.015049
omp,32,20,32,0.003039
omp,32,20,4096,2.509377
omp,32,20,512,0.044388
omp,32,20,64,0.003674
omp,32,20,8,0.002824
omp,32,21,1024,0.166093
omp,32,21,128,0.005834
omp,32,21,2048,0.662185
omp,32,21,256,0.014434
omp,32,21,32,0.003048
omp,32,21,4096,2.503249
omp,32,21,512,0.045147
omp,32,21,64,0.008522
omp,32,21,8,0.003187
omp,32,22,1024,0.165670
omp,32,22,128,0.006063
omp,32,22,2048,0.658227
omp,32,22,256,0.014050
omp,32,22,32,0.004343
omp,32,22,4096,2.521750
omp,32,22,512,0.044935
omp,32,22,64,0.003609
omp,32,22,8,0.002840
omp,32,23,1024,0.167109
omp,32,23,128,0.006014
omp,32,23,2048,0.659663
omp,32,23,256,0.016078
omp,32,23,32,0.003043
omp,32,23,4096,2.521609
omp,32,23,512,0.044040
omp,32,23,64,0.003665
omp,32,23,8,0.002879
omp,32,24,1024,0.165973
omp,32,24,128,0.012232
omp,32,24,2048,0.656189
omp,32,24,256,0.014411
omp,32,24,32,0.003040
omp,32,24,4096,2.542996
omp,32,24,512,0.043808
omp,32,24,64,0.003773
omp,32,24,8,0.002963
omp,32,25,1024,0.168233
omp,32,25,128,0.005997
omp,32,25,2048,0.664118
omp,32,25,256,0.014950
omp,32,25,32,0.003064
omp,32,25,4096,2.509034
omp,32,25,512,0.043411
omp,32,25,64,0.003663
omp,32,25,8,0.002893
omp,32,26,1024,0.167126
omp,32,26,128,0.005949
omp,32,26,2048,0.661472
omp,32,26,256,0.014190
omp,32,26,32,0.002991
omp,32,26,4096,2.516011
omp,32,26,512,0.044000
omp,32,26,64,0.003754
omp,32,26,8,0.002858
omp,32,27,1024,0.166685
omp,32,27,128,0.005844
omp,32,27,2048,0.658200
omp,32,27,256,0.014431
omp,32,27,32,0.003060
omp,32,27,4096,2.524408
omp,32,27,512,0.044410
omp,32,27,64,0.003932
omp,32,27,8,0.002936
omp,32,28,1024,0.167727
omp,32,28,128,0.005839
omp,32,28,2048,0.664489
omp,32,28,256,0.014177
omp,32,28,32,0.003154
omp,32,28,4096,2.513942
omp,32,28,512,0.043729
omp,32,28,64,0.003640
omp,32,28,8,0.002847
omp,32,29,1024,0.167383
omp,32,29,128,0.005799
omp,32,29,2048,0.659190
omp,32,29,256,0.014231
omp,32,29,32,0.003130
omp,32,29,4096,2.514290
omp,32,29,512,0.044396
omp,32,29,64,0.003875
omp,32,29,8,0.002878
omp,32,30,1024,0.167581
omp,32,30,128,0.005732
omp,32,30,2048,0.664257
omp,32,30,256,0.014055
omp,32,30,32,0.003091
omp,32,30,4096,2.531038
omp,32,30,512,0.043079
omp,32,30,64,0.003702
omp,32,30,8,0.002871
pth,1,1,1024,1.056055
pth,1,1,128,0.019583
pth,1,1,2048,4.263303
pth,1,1,256,0.071866
pth,1,1,32,0.002191
pth,1,1,4096,16.946460
pth,1,1,512,0.269457
pth,1,1,64,0.005817
pth,1,1,8,0.000978
pth,1,2,1024,1.053253
pth,1,2,128,0.019897
pth,1,2,2048,4.184172
pth,1,2,256,0.070819
pth,1,2,32,0.002311
pth,1,2,4096,16.793415
pth,1,2,512,0.268363
pth,1,2,64,0.005896
pth,1,2,8,0.001046
pth,1,3,1024,1.058120
pth,1,3,128,0.019892
pth,1,3,2048,4.260872
pth,1,3,256,0.070840
pth,1,3,32,0.002188
pth,1,3,4096,16.968718
pth,1,3,512,0.268831
pth,1,3,64,0.005711
pth,1,3,8,0.000728
pth,1,4,1024,1.052652
pth,1,4,128,0.019868
pth,1,4,2048,4.151803
pth,1,4,256,0.070952
pth,1,4,32,0.001915
pth,1,4,4096,17.006816
pth,1,4,512,0.267063
pth,1,4,64,0.006272
pth,1,4,8,0.000714
pth,1,5,1024,1.055570
pth,1,5,128,0.019680
pth,1,5,2048,4.165026
pth,1,5,256,0.070344
pth,1,5,32,0.002217
pth,1,5,4096,16.955023
pth,1,5,512,0.268320
pth,1,5,64,0.005842
pth,1,5,8,0.000885
pth,1,6,1024,1.062591
pth,1,6,128,0.019598
pth,1,6,2048,4.216947
pth,1,6,256,0.070524
pth,1,6,32,0.002079
pth,1,6,4096,17.000085
pth,1,6,512,0.270028
pth,1,6,64,0.005887
pth,1,6,8,0.000822
pth,1,7,1024,1.059830
pth,1,7,128,0.019481
pth,1,7,2048,4.221054
pth,1,7,256,0.070314
pth,1,7,32,0.002167
pth,1,7,4096,16.989404
pth,1,7,512,0.269048
pth,1,7,64,0.005617
pth,1,7,8,0.000752
pth,1,8,1024,1.055183
pth,1,8,128,0.019922
pth,1,8,2048,4.209262
pth,1,8,256,0.071033
pth,1,8,32,0.002043
pth,1,8,4096,16.698506
pth,1,8,512,0.270757
pth,1,8,64,0.005953
pth,1,8,8,0.000723
pth,1,9,1024,1.049715
pth,1,9,128,0.019611
pth,1,9,2048,4.191881
pth,1,9,256,0.071028
pth,1,9,32,0.002112
pth,1,9,4096,16.939770
pth,1,9,512,0.269829
pth,1,9,64,0.005895
pth,1,9,8,0.000803
pth,1,10,1024,1.054642
pth,1,10,128,0.019727
pth,1,10,2048,4.247248
pth,1,10,256,0.070874
pth,1,10,32,0.002083
pth,1,10,4096,16.960543
pth,1,10,512,0.269816
pth,1,10,64,0.005811
pth,1,10,8,0.000991
pth,1,11,1024,1.051925
pth,1,11,128,0.019995
pth,1,11,2048,4.198585
pth,1,11,256,0.071200
pth,1,11,32,0.001842
pth,1,11,4096,17.022642
pth,1,11,512,0.270368
pth,1,11,64,0.005778
pth,1,11,8,0.000942
pth,1,12,1024,1.055367
pth,1,12,128,0.019740
pth,1,12,2048,4.180004
pth,1,12,256,0.071223
pth,1,12,32,0.002132
pth,1,12,4096,16.940973
pth,1,12,512,0.267604
pth,1,12,64,0.006061
pth,1,12,8,0.001100
pth,1,13,1024,1.060472
pth,1,13,128,0.019681
pth,1,13,2048,4.188547
pth,1,13,256,0.071108
pth,1,13,32,0.002136
pth,1,13,4096,16.649382
pth,1,13,512,0.268649
pth,1,13,64,0.005631
pth,1,13,8,0.000978
pth,1,14,1024,1.054159
pth,1,14,128,0.020190
pth,1,14,2048,4.250377
pth,1,14,256,0.071116
pth,1,14,32,0.002355
pth,1,14,4096,16.980203
pth,1,14,512,0.269596
pth,1,14,64,0.005781
pth,1,14,8,0.000749
pth,1,15,1024,1.046195
pth,1,15,128,0.019216
pth,1,15,2048,4.185616
pth,1,15,256,0.071068
pth,1,15,32,0.002731
pth,1,15,4096,16.804406
pth,1,15,512,0.268820
pth,1,15,64,0.006216
pth,1,15,8,0.001010
pth,1,16,1024,1.057870
pth,1,16,128,0.020065
pth,1,16,2048,4.180265
pth,1,16,256,0.070587
pth,1,16,32,0.002188
pth,1,16,4096,16.597219
pth,1,16,512,0.269128
pth,1,16,64,0.006010
pth,1,16,8,0.000785
pth,1,17,1024,1.058501
pth,1,17,128,0.019300
pth,1,17,2048,4.186617
pth,1,17,256,0.070928
pth,1,17,32,0.002151
pth,1,17,4096,16.799040
pth,1,17,512,0.271910
pth,1,17,64,0.005821
pth,1,17,8,0.000709
pth,1,18,1024,1.056080
pth,1,18,128,0.019786
pth,1,18,2048,4.255793
pth,1,18,256,0.071125
pth,1,18,32,0.002092
pth,1,18,4096,16.964472
pth,1,18,512,0.268822
pth,1,18,64,0.005913
pth,1,18,8,0.000929
pth,1,19,1024,1.060320
pth,1,19,128,0.020111
pth,1,19,2048,4.183232
pth,1,19,256,0.071344
pth,1,19,32,0.002172
pth,1,19,4096,16.767901
pth,1,19,512,0.269467
pth,1,19,64,0.005840
pth,1,19,8,0.000973
pth,1,20,1024,1.132582
pth,1,20,128,0.019407
pth,1,20,2048,4.220200
pth,1,20,256,0.070498
pth,1,20,32,0.002406
pth,1,20,4096,16.982700
pth,1,20,512,0.270991
pth,1,20,64,0.005685
pth,1,20,8,0.000898
pth,1,21,1024,1.053229
pth,1,21,128,0.019482
pth,1,21,2048,4.220946
pth,1,21,256,0.070753
pth,1,21,32,0.002370
pth,1,21,4096,16.783237
pth,1,21,512,0.267162
pth,1,21,64,0.005813
pth,1,21,8,0.000746
pth,1,22,1024,1.054992
pth,1,22,128,0.019549
pth,1,22,2048,4.184100
pth,1,22,256,0.071193
pth,1,22,32,0.002132
pth,1,22,4096,17.166214
pth,1,22,512,0.273210
pth,1,22,64,0.005903
pth,1,22,8,0.000736
pth,1,23,1024,1.071315
pth,1,23,128,0.020205
pth,1,23,2048,4.266086
pth,1,23,256,0.071257
pth,1,23,32,0.002135
pth,1,23,4096,17.023090
pth,1,23,512,0.271393
pth,1,23,64,0.006072
pth,1,23,8,0.000786
pth,1,24,1024,1.060805
pth,1,24,128,0.020002
pth,1,24,2048,4.247828
pth,1,24,256,0.070708
pth,1,24,32,0.002212
pth,1,24,4096,16.995520
pth,1,24,512,0.270079
pth,1,24,64,0.005713
pth,1,24,8,0.000883
pth,1,25,1024,1.060923
pth,1,25,128,0.020193
pth,1,25,2048,4.241374
pth,1,25,256,0.071173
pth,1,25,32,0.002099
pth,1,25,4096,16.648649
pth,1,25,512,0.267934
pth,1,25,64,0.006203
pth,1,25,8,0.000773
pth,1,26,1024,1.052793
pth,1,26,128,0.019936
pth,1,26,2048,4.174109
pth,1,26,256,0.071470
pth,1,26,32,0.002152
pth,1,26,4096,16.581219
pth,1,26,512,0.269568
pth,1,26,64,0.006034
pth,1,26,8,0.000951
pth,1,27,1024,1.051549
pth,1,27,128,0.019752
pth,1,27,2048,4.180197
pth,1,27,256,0.070903
pth,1,27,32,0.002007
pth,1,27,4096,17.017265
pth,1,27,512,0.271130
pth,1,27,64,0.006112
pth,1,27,8,0.000775
pth,1,28,1024,1.057688
pth,1,28,128,0.020013
pth,1,28,2048,4.183710
pth,1,28,256,0.070444
pth,1,28,32,0.002472
pth,1,28,4096,16.637093
pth,1,28,512,0.268761
pth,1,28,64,0.005794
pth,1,28,8,0.000850
pth,1,29,1024,1.063352
pth,1,29,128,0.019739
pth,1,29,2048,4.191773
pth,1,29,256,0.070547
pth,1,29,32,0.002140
pth,1,29,4096,16.798271
pth,1,29,512,0.268813
pth,1,29,64,0.005811
pth,1,29,8,0.000947
pth,1,30,1024,1.061723
pth,1,30,128,0.019653
pth,1,30,2048,4.209292
pth,1,30,256,0.071399
pth,1,30,32,0.002327
pth,1,30,4096,16.837361
pth,1,30,512,0.269484
pth,1,30,64,0.005726
pth,1,30,8,0.000744
pth,2,1,1024,0.580823
pth,2,1,128,0.010779
pth,2,1,2048,2.154561
pth,2,1,256,0.037906
pth,2,1,32,0.001673
pth,2,1,4096,8.538885
pth,2,1,512,0.139953
pth,2,1,64,0.003461
pth,2,1,8,0.001131
pth,2,2,1024,0.543295
pth,2,2,128,0.010589
pth,2,2,2048,2.151049
pth,2,2,256,0.037882
pth,2,2,32,0.002021
pth,2,2,4096,8.553285
pth,2,2,512,0.139413
pth,2,2,64,0.003794
pth,2,2,8,0.001175
pth,2,3,1024,0.543855
pth,2,3,128,0.011377
pth,2,3,2048,2.164148
pth,2,3,256,0.038255
pth,2,3,32,0.001622
pth,2,3,4096,8.554111
pth,2,3,512,0.138712
pth,2,3,64,0.003685
pth,2,3,8,0.001055
pth,2,4,1024,0.543762
pth,2,4,128,0.010800
pth,2,4,2048,2.154372
pth,2,4,256,0.037818
pth,2,4,32,0.002175
pth,2,4,4096,8.552638
pth,2,4,512,0.138886
pth,2,4,64,0.003695
pth,2,4,8,0.001084
pth,2,5,1024,0.544229
pth,2,5,128,0.010842
pth,2,5,2048,2.159015
pth,2,5,256,0.037768
pth,2,5,32,0.001821
pth,2,5,4096,8.561824
pth,2,5,512,0.138772
pth,2,5,64,0.003978
pth,2,5,8,0.001005
pth,2,6,1024,0.543460
pth,2,6,128,0.010693
pth,2,6,2048,2.151282
pth,2,6,256,0.037560
pth,2,6,32,0.001871
pth,2,6,4096,8.554116
pth,2,6,512,0.139292
pth,2,6,64,0.004026
pth,2,6,8,0.001188
pth,2,7,1024,0.544298
pth,2,7,128,0.010773
pth,2,7,2048,2.149062
pth,2,7,256,0.037818
pth,2,7,32,0.001543
pth,2,7,4096,8.551992
pth,2,7,512,0.138699
pth,2,7,64,0.003612
pth,2,7,8,0.001069
pth,2,8,1024,0.543535
pth,2,8,128,0.010630
pth,2,8,2048,2.152145
pth,2,8,256,0.038568
pth,2,8,32,0.001810
pth,2,8,4096,8.550716
pth,2,8,512,0.139484
pth,2,8,64,0.003902
pth,2,8,8,0.001419
pth,2,9,1024,0.544806
pth,2,9,128,0.010440
pth,2,9,2048,2.154152
pth,2,9,256,0.038493
pth,2,9,32,0.001964
pth,2,9,4096,8.564043
pth,2,9,512,0.139374
pth,2,9,64,0.003662
pth,2,9,8,0.001318
pth,2,10,1024,0.543143
pth,2,10,128,0.010924
pth,2,10,2048,2.151584
pth,2,10,256,0.037824
pth,2,10,32,0.001989
pth,2,10,4096,8.529788
pth,2,10,512,0.139158
pth,2,10,64,0.003731
pth,2,10,8,0.001187
pth,2,11,1024,0.542042
pth,2,11,128,0.010814
pth,2,11,2048,2.154857
pth,2,11,256,0.037506
pth,2,11,32,0.001800
pth,2,11,4096,8.559623
pth,2,11,512,0.139030
pth,2,11,64,0.003762
pth,2,11,8,0.001110
pth,2,12,1024,0.544969
pth,2,12,128,0.010209
pth,2,12,2048,2.157573
pth,2,12,256,0.038027
pth,2,12,32,0.001804
pth,2,12,4096,8.554188
pth,2,12,512,0.139311
pth,2,12,64,0.003998
pth,2,12,8,0.000990
pth,2,13,1024,0.543829
pth,2,13,128,0.010387
pth,2,13,2048,2.154161
pth,2,13,256,0.037677
pth,2,13,32,0.001600
pth,2,13,4096,8.553023
pth,2,13,512,0.139127
pth,2,13,64,0.003817
pth,2,13,8,0.001096
pth,2,14,1024,0.544078
pth,2,14,128,0.010636
pth,2,14,2048,2.155167
pth,2,14,256,0.037574
pth,2,14,32,0.002060
pth,2,14,4096,8.531221
pth,2,14,512,0.138162
pth,2,14,64,0.003328
pth,2,14,8,0.001170
pth,2,15,1024,0.545144
pth,2,15,128,0.010415
pth,2,15,2048,2.156817
pth,2,15,256,0.037226
pth,2,15,32,0.001582
pth,2,15,4096,8.554028
pth,2,15,512,0.138468
pth,2,15,64,0.003801
pth,2,15,8,0.001068
pth,2,16,1024,0.545445
pth,2,16,128,0.010714
pth,2,16,2048,2.149303
pth,2,16,256,0.037792
pth,2,16,32,0.001691
pth,2,16,4096,8.551960
pth,2,16,512,0.139626
pth,2,16,64,0.003540
pth,2,16,8,0.001081
pth,2,17,1024,0.542741
pth,2,17,128,0.010631
pth,2,17,2048,2.150977
pth,2,17,256,0.037594
pth,2,17,32,0.001472
pth,2,17,4096,8.550790
pth,2,17,512,0.139166
pth,2,17,64,0.003552
pth,2,17,8,0.001284
pth,2,18,1024,0.543765
pth,2,18,128,0.010492
pth,2,18,2048,2.156724
pth,2,18,256,0.038493
pth,2,18,32,0.001982
pth,2,18,4096,8.547519
pth,2,18,512,0.139383
pth,2,18,64,0.004208
pth,2,18,8,0.001025
pth,2,19,1024,0.545593
pth,2,19,128,0.010794
pth,2,19,2048,2.135502
pth,2,19,256,0.037756
pth,2,19,32,0.001758
pth,2,19,4096,8.550266
pth,2,19,512,0.139862
pth,2,19,64,0.003911
pth,2,19,8,0.001009
pth,2,20,1024,0.542422
pth,2,20,128,0.010878
pth,2,20,2048,2.147266
pth,2,20,256,0.038194
pth,2,20,32,0.001994
pth,2,20,4096,8.571955
pth,2,20,512,0.138911
pth,2,20,64,0.004061
pth,2,20,8,0.000998
pth,2,21,1024,0.543436
pth,2,21,128,0.010725
pth,2,21,2048,2.155723
pth,2,21,256,0.038373
pth,2,21,32,0.001796
pth,2,21,4096,8.555630
pth,2,21,512,0.139271
pth,2,21,64,0.004218
pth,2,21,8,0.001040
pth,2,22,1024,0.543160
pth,2,22,128,0.010577
pth,2,22,2048,2.156520
pth,2,22,256,0.037863
pth,2,22,32,0.002072
pth,2,22,4096,8.504553
pth,2,22,512,0.139999
pth,2,22,64,0.003971
pth,2,22,8,0.001087
pth,2,23,1024,0.543051
pth,2,23,128,0.010709
pth,2,23,2048,2.154415
pth,2,23,256,0.037148
pth,2,23,32,0.001995
pth,2,23,4096,8.567292
pth,2,23,512,0.138874
pth,2,23,64,0.003722
pth,2,23,8,0.000995
pth,2,24,1024,0.550355
pth,2,24,128,0.010431
pth,2,24,2048,2.155090
pth,2,24,256,0.037700
pth,2,24,32,0.001878
pth,2,24,4096,8.556904
pth,2,24,512,0.139573
pth,2,24,64,0.003609
pth,2,24,8,0.001153
pth,2,25,1024,0.544741
pth,2,25,128,0.010823
pth,2,25,2048,2.153569
pth,2,25,256,0.038133
pth,2,25,32,0.001724
pth,2,25,4096,8.548772
pth,2,25,512,0.138850
pth,2,25,64,0.003774
pth,2,25,8,0.001229
pth,2,26,1024,0.543813
pth,2,26,128,0.010762
pth,2,26,2048,2.158468
pth,2,26,256,0.038567
pth,2,26,32,0.001587
pth,2,26,4096,8.551879
pth,2,26,512,0.138858
pth,2,26,64,0.003613
pth,2,26,8,0.001133
pth,2,27,1024,0.548972
pth,2,27,128,0.010693
pth,2,27,2048,2.145175
pth,2,27,256,0.037418
pth,2,27,32,0.001932
pth,2,27,4096,8.549427
pth,2,27,512,0.139486
pth,2,27,64,0.003702
pth,2,27,8,0.001072
pth,2,28,1024,0.543430
pth,2,28,128,0.010470
pth,2,28,2048,2.140840
pth,2,28,256,0.037278
pth,2,28,32,0.001938
pth,2,28,4096,8.550066
pth,2,28,512,0.139025
pth,2,28,64,0.003566
pth,2,28,8,0.001336
pth,2,29,1024,0.543210
pth,2,29,128,0.010884
pth,2,29,2048,2.148816
pth,2,29,256,0.038644
pth,2,29,32,0.001891
pth,2,29,4096,8.558618
pth,2,29,512,0.139536
pth,2,29,64,0.003590
pth,2,29,8,0.001031
pth,2,30,1024,0.548976
pth,2,30,128,0.010677
pth,2,30,2048,2.158276
pth,2,30,256,0.037215
pth,2,30,32,0.002254
pth,2,30,4096,8.536607
pth,2,30,512,0.139493
pth,2,30,64,0.003598
pth,2,30,8,0.001035
pth,4,1,1024,0.278911
pth,4,1,128,0.006071
pth,4,1,2048,1.099487
pth,4,1,256,0.019231
pth,4,1,32,0.002106
pth,4,1,4096,4.327639
pth,4,1,512,0.073894
pth,4,1,64,0.002922
pth,4,1,8,0.001764
pth,4,2,1024,0.279643
pth,4,2,128,0.006436
pth,4,2,2048,1.093384
pth,4,2,256,0.019478
pth,4,2,32,0.002030
pth,4,2,4096,4.631248
pth,4,2,512,0.073889
pth,4,2,64,0.002667
pth,4,2,8,0.001771
pth,4,3,1024,0.281064
pth,4,3,128,0.006253
pth,4,3,2048,1.088019
pth,4,3,256,0.019590
pth,4,3,32,0.001975
pth,4,3,4096,4.327276
pth,4,3,512,0.074009
pth,4,3,64,0.002693
pth,4,3,8,0.001721
pth,4,4,1024,0.278276
pth,4,4,128,0.006482
pth,4,4,2048,1.090043
pth,4,4,256,0.019723
pth,4,4,32,0.002106
pth,4,4,4096,4.332061
pth,4,4,512,0.073971
pth,4,4,64,0.002858
pth,4,4,8,0.001711
pth,4,5,1024,0.278651
pth,4,5,128,0.005951
pth,4,5,2048,1.094971
pth,4,5,256,0.019486
pth,4,5,32,0.001966
pth,4,5,4096,4.341349
pth,4,5,512,0.075144
pth,4,5,64,0.003065
pth,4,5,8,0.001741
pth,4,6,1024,0.278299
pth,4,6,128,0.006206
pth,4,6,2048,1.090534
pth,4,6,256,0.020071
pth,4,6,32,0.002070
pth,4,6,4096,4.341715
pth,4,6,512,0.073703
pth,4,6,64,0.003024
pth,4,6,8,0.001816
pth,4,7,1024,0.284298
pth,4,7,128,0.006254
pth,4,7,2048,1.095749
pth,4,7,256,0.019536
pth,4,7,32,0.001957
pth,4,7,4096,4.334885
pth,4,7,512,0.073937
pth,4,7,64,0.002799
pth,4,7,8,0.001673
pth,4,8,1024,0.279032
pth,4,8,128,0.006600
pth,4,8,2048,1.096845
pth,4,8,256,0.019857
pth,4,8,32,0.002026
pth,4,8,4096,4.347277
pth,4,8,512,0.073362
pth,4,8,64,0.002662
pth,4,8,8,0.001733
pth,4,9,1024,0.277775
pth,4,9,128,0.006525
pth,4,9,2048,1.089904
pth,4,9,256,0.019458
pth,4,9,32,0.002282
pth,4,9,4096,4.342888
pth,4,9,512,0.075313
pth,4,9,64,0.003183
pth,4,9,8,0.001699
pth,4,10,1024,0.276785
pth,4,10,128,0.006352
pth,4,10,2048,1.089171
pth,4,10,256,0.019395
pth,4,10,32,0.002186
pth,4,10,4096,4.344576
pth,4,10,512,0.073592
pth,4,10,64,0.002920
pth,4,10,8,0.001871
pth,4,11,1024,0.276786
pth,4,11,128,0.006273
pth,4,11,2048,1.091417
pth,4,11,256,0.019965
pth,4,11,32,0.002126
pth,4,11,4096,4.339026
pth,4,11,512,0.074038
pth,4,11,64,0.002676
pth,4,11,8,0.001743
pth,4,12,1024,0.286072
pth,4,12,128,0.006528
pth,4,12,2048,1.092226
pth,4,12,256,0.019813
pth,4,12,32,0.002025
pth,4,12,4096,4.331522
pth,4,12,512,0.073627
pth,4,12,64,0.002677
pth,4,12,8,0.001728
pth,4,13,1024,0.278418
pth,4,13,128,0.006073
pth,4,13,2048,1.096409
pth,4,13,256,0.020319
pth,4,13,32,0.002014
pth,4,13,4096,4.346358
pth,4,13,512,0.073691
pth,4,13,64,0.002887
pth,4,13,8,0.001759
pth,4,14,1024,0.276860
pth,4,14,128,0.006409
pth,4,14,2048,1.089033
pth,4,14,256,0.019725
pth,4,14,32,0.002065
pth,4,14,4096,4.347024
pth,4,14,512,0.072913
pth,4,14,64,0.002876
pth,4,14,8,0.001757
pth,4,15,1024,0.277150
pth,4,15,128,0.005983
pth,4,15,2048,1.096694
pth,4,15,256,0.019613
pth,4,15,32,0.002015
pth,4,15,4096,4.340104
pth,4,15,512,0.074068
pth,4,15,64,0.002985
pth,4,15,8,0.001761
pth,4,16,1024,0.279282
pth,4,16,128,0.006272
pth,4,16,2048,1.097808
pth,4,16,256,0.019493
pth,4,16,32,0.001989
pth,4,16,4096,4.341976
pth,4,16,512,0.073561
pth,4,16,64,0.002886
pth,4,16,8,0.001724
pth,4,17,1024,0.278301
pth,4,17,128,0.006012
pth,4,17,2048,1.089777
pth,4,17,256,0.020243
pth,4,17,32,0.001935
pth,4,17,4096,4.350518
pth,4,17,512,0.073564
pth,4,17,64,0.002853
pth,4,17,8,0.001708
pth,4,18,1024,0.277595
pth,4,18,128,0.006092
pth,4,18,2048,1.096167
pth,4,18,256,0.019437
pth,4,18,32,0.002025
pth,4,18,4096,4.346253
pth,4,18,512,0.074335
pth,4,18,64,0.002848
pth,4,18,8,0.001812
pth,4,19,1024,0.278673
pth,4,19,128,0.006224
pth,4,19,2048,1.090402
pth,4,19,256,0.019467
pth,4,19,32,0.002007
pth,4,19,4096,4.329009
pth,4,19,512,0.073963
pth,4,19,64,0.002917
pth,4,19,8,0.001671
pth,4,20,1024,0.277984
pth,4,20,128,0.006480
pth,4,20,2048,1.090664
pth,4,20,256,0.019789
pth,4,20,32,0.002049
pth,4,20,4096,4.370816
pth,4,20,512,0.073724
pth,4,20,64,0.002884
pth,4,20,8,0.001738
pth,4,21,1024,0.283818
pth,4,21,128,0.006315
pth,4,21,2048,1.090872
pth,4,21,256,0.019757
pth,4,21,32,0.001960
pth,4,21,4096,4.342833
pth,4,21,512,0.074176
pth,4,21,64,0.002913
pth,4,21,8,0.001681
pth,4,22,1024,0.277810
pth,4,22,128,0.006072
pth,4,22,2048,1.097553
pth,4,22,256,0.019299
pth,4,22,32,0.002072
pth,4,22,4096,4.346186
pth,4,22,512,0.074709
pth,4,22,64,0.003397
pth,4,22,8,0.001691
pth,4,23,1024,0.277944
pth,4,23,128,0.005884
pth,4,23,2048,1.094913
pth,4,23,256,0.019871
pth,4,23,32,0.001995
pth,4,23,4096,4.338777
pth,4,23,512,0.073495
pth,4,23,64,0.002747
pth,4,23,8,0.001740
pth,4,24,1024,0.296656
pth,4,24,128,0.006193
pth,4,24,2048,1.090801
pth,4,24,256,0.019837
pth,4,24,32,0.001946
pth,4,24,4096,4.334190
pth,4,24,512,0.078616
pth,4,24,64,0.002832
pth,4,24,8,0.001946
pth,4,25,1024,0.278439
pth,4,25,128,0.006487
pth,4,25,2048,1.093602
pth,4,25,256,0.019008
pth,4,25,32,0.001995
pth,4,25,4096,4.620083
pth,4,25,512,0.073768
pth,4,25,64,0.002830
pth,4,25,8,0.001814
pth,4,26,1024,0.277854
pth,4,26,128,0.006629
pth,4,26,2048,1.166908
pth,4,26,256,0.020181
pth,4,26,32,0.001988
pth,4,26,4096,4.348285
pth,4,26,512,0.076670
pth,4,26,64,0.003144
pth,4,26,8,0.001670
pth,4,27,1024,0.277634
pth,4,27,128,0.006193
pth,4,27,2048,1.097526
pth,4,27,256,0.019453
pth,4,27,32,0.001975
pth,4,27,4096,4.331314
pth,4,27,512,0.075062
pth,4,27,64,0.003066
pth,4,27,8,0.001882
pth,4,28,1024,0.284541
pth,4,28,128,0.006050
pth,4,28,2048,1.094278
pth,4,28,256,0.019261
pth,4,28,32,0.002198
pth,4,28,4096,4.345865
pth,4,28,512,0.074441
pth,4,28,64,0.003112
pth,4,28,8,0.001933
pth,4,29,1024,0.277990
pth,4,29,128,0.006228
pth,4,29,2048,1.096239
pth,4,29,256,0.019406
pth,4,29,32,0.001976
pth,4,29,4096,4.339749
pth,4,29,512,0.074407
pth,4,29,64,0.002827
pth,4,29,8,0.001788
pth,4,30,1024,0.278243
pth,4,30,128,0.006433
pth,4,30,2048,1.095548
pth,4,30,256,0.019476
pth,4,30,32,0.001965
pth,4,30,4096,4.339772
pth,4,30,512,0.073656
pth,4,30,64,0.003000
pth,4,30,8,0.001689
pth,8,1,1024,0.221756
pth,8,1,128,0.007394
pth,8,1,2048,0.866491
pth,8,1,256,0.017496
pth,8,1,32,0.004170
pth,8,1,4096,3.463269
pth,8,1,512,0.060845
pth,8,1,64,0.004890
pth,8,1,8,0.004187
pth,8,2,1024,0.221001
pth,8,2,128,0.007834
pth,8,2,2048,0.871805
pth,8,2,256,0.017454
pth,8,2,32,0.004224
pth,8,2,4096,3.433215
pth,8,2,512,0.058618
pth,8,2,64,0.004780
pth,8,2,8,0.004025
pth,8,3,1024,0.222752
pth,8,3,128,0.007020
pth,8,3,2048,0.870477
pth,8,3,256,0.017426
pth,8,3,32,0.004246
pth,8,3,4096,3.431998
pth,8,3,512,0.058864
pth,8,3,64,0.004876
pth,8,3,8,0.004212
pth,8,4,1024,0.225610
pth,8,4,128,0.007028
pth,8,4,2048,0.863709
pth,8,4,256,0.017257
pth,8,4,32,0.004018
pth,8,4,4096,3.452252
pth,8,4,512,0.061064
pth,8,4,64,0.004714
pth,8,4,8,0.004176
pth,8,5,1024,0.223921
pth,8,5,128,0.006697
pth,8,5,2048,0.880088
pth,8,5,256,0.016993
pth,8,5,32,0.004971
pth,8,5,4096,3.442834
pth,8,5,512,0.059367
pth,8,5,64,0.004720
pth,8,5,8,0.004081
pth,8,6,1024,0.220701
pth,8,6,128,0.006650
pth,8,6,2048,0.872169
pth,8,6,256,0.017174
pth,8,6,32,0.004221
pth,8,6,4096,3.425160
pth,8,6,512,0.058396
pth,8,6,64,0.004808
pth,8,6,8,0.004052
pth,8,7,1024,0.221990
pth,8,7,128,0.006975
pth,8,7,2048,0.872590
pth,8,7,256,0.017588
pth,8,7,32,0.004240
pth,8,7,4096,3.416153
pth,8,7,512,0.061267
pth,8,7,64,0.004677
pth,8,7,8,0.004172
pth,8,8,1024,0.220722
pth,8,8,128,0.006492
pth,8,8,2048,0.884315
pth,8,8,256,0.017590
pth,8,8,32,0.004171
pth,8,8,4096,3.430446
pth,8,8,512,0.058642
pth,8,8,64,0.004695
pth,8,8,8,0.004163
pth,8,9,1024,0.221650
pth,8,9,128,0.006633
pth,8,9,2048,0.865008
pth,8,9,256,0.017500
pth,8,9,32,0.004150
pth,8,9,4096,3.449411
pth,8,9,512,0.058587
pth,8,9,64,0.004761
pth,8,9,8,0.004102
pth,8,10,1024,0.220870
pth,8,10,128,0.006783
pth,8,10,2048,0.867331
pth,8,10,256,0.017771
pth,8,10,32,0.004123
pth,8,10,4096,3.449242
pth,8,10,512,0.058595
pth,8,10,64,0.004776
pth,8,10,8,0.004177
pth,8,11,1024,0.222732
pth,8,11,128,0.006689
pth,8,11,2048,0.864781
pth,8,11,256,0.016993
pth,8,11,32,0.004294
pth,8,11,4096,3.433818
pth,8,11,512,0.058618
pth,8,11,64,0.004642
pth,8,11,8,0.004075
pth,8,12,1024,0.226045
pth,8,12,128,0.006781
pth,8,12,2048,0.869505
pth,8,12,256,0.017766
pth,8,12,32,0.004381
pth,8,12,4096,3.416632
pth,8,12,512,0.058796
pth,8,12,64,0.004695
pth,8,12,8,0.004143
pth,8,13,1024,0.221330
pth,8,13,128,0.007023
pth,8,13,2048,0.866491
pth,8,13,256,0.017193
pth,8,13,32,0.004081
pth,8,13,4096,3.450866
pth,8,13,512,0.063072
pth,8,13,64,0.004909
pth,8,13,8,0.004123
pth,8,14,1024,0.222295
pth,8,14,128,0.006554
pth,8,14,2048,0.870297
pth,8,14,256,0.017359
pth,8,14,32,0.004247
pth,8,14,4096,3.454164
pth,8,14,512,0.058787
pth,8,14,64,0.004669
pth,8,14,8,0.004059
pth,8,15,1024,0.221267
pth,8,15,128,0.006653
pth,8,15,2048,0.866312
pth,8,15,256,0.017515
pth,8,15,32,0.004346
pth,8,15,4096,3.435232
pth,8,15,512,0.058409
pth,8,15,64,0.004648
pth,8,15,8,0.004080
pth,8,16,1024,0.221168
pth,8,16,128,0.006870
pth,8,16,2048,0.870376
pth,8,16,256,0.017334
pth,8,16,32,0.004285
pth,8,16,4096,3.419045
pth,8,16,512,0.059211
pth,8,16,64,0.004636
pth,8,16,8,0.004014
pth,8,17,1024,0.221152
pth,8,17,128,0.006625
pth,8,17,2048,0.870867
pth,8,17,256,0.016970
pth,8,17,32,0.004152
pth,8,17,4096,3.432572
pth,8,17,512,0.058871
pth,8,17,64,0.004690
pth,8,17,8,0.004039
pth,8,18,1024,0.221802
pth,8,18,128,0.006673
pth,8,18,2048,0.866440
pth,8,18,256,0.017345
pth,8,18,32,0.004154
pth,8,18,4096,3.433088
pth,8,18,512,0.061497
pth,8,18,64,0.006250
pth,8,18,8,0.004150
pth,8,19,1024,0.221880
pth,8,19,128,0.006642
pth,8,19,2048,0.870573
pth,8,19,256,0.017115
pth,8,19,32,0.004155
pth,8,19,4096,3.433220
pth,8,19,512,0.058853
pth,8,19,64,0.004720
pth,8,19,8,0.004201
pth,8,20,1024,0.222878
pth,8,20,128,0.007133
pth,8,20,2048,0.869206
pth,8,20,256,0.017190
pth,8,20,32,0.004218
pth,8,20,4096,3.431622
pth,8,20,512,0.058543
pth,8,20,64,0.004843
pth,8,20,8,0.004106
pth,8,21,1024,0.222430
pth,8,21,128,0.006574
pth,8,21,2048,0.881978
pth,8,21,256,0.017425
pth,8,21,32,0.004048
pth,8,21,4096,3.459091
pth,8,21,512,0.059076
pth,8,21,64,0.004739
pth,8,21,8,0.004244
pth,8,22,1024,0.221498
pth,8,22,128,0.007129
pth,8,22,2048,0.869481
pth,8,22,256,0.017455
pth,8,22,32,0.004218
pth,8,22,4096,3.422395
pth,8,22,512,0.058760
pth,8,22,64,0.004673
pth,8,22,8,0.004108
pth,8,23,1024,0.224505
pth,8,23,128,0.006596
pth,8,23,2048,0.873962
pth,8,23,256,0.017559
pth,8,23,32,0.004269
pth,8,23,4096,3.456085
pth,8,23,512,0.063944
pth,8,23,64,0.004765
pth,8,23,8,0.004092
pth,8,24,1024,0.221960
pth,8,24,128,0.007147
pth,8,24,2048,0.867666
pth,8,24,256,0.017367
pth,8,24,32,0.004669
pth,8,24,4096,3.430901
pth,8,24,512,0.058862
pth,8,24,64,0.004713
pth,8,24,8,0.004254
pth,8,25,1024,0.224725
pth,8,25,128,0.006604
pth,8,25,2048,0.873322
pth,8,25,256,0.017169
pth,8,25,32,0.004430
pth,8,25,4096,3.430565
pth,8,25,512,0.058350
pth,8,25,64,0.004800
pth,8,25,8,0.004155
pth,8,26,1024,0.221181
pth,8,26,128,0.006595
pth,8,26,2048,0.875115
pth,8,26,256,0.017504
pth,8,26,32,0.004210
pth,8,26,4096,3.427790
pth,8,26,512,0.058458
pth,8,26,64,0.005064
pth,8,26,8,0.004003
pth,8,27,1024,0.227482
pth,8,27,128,0.006949
pth,8,27,2048,0.865413
pth,8,27,256,0.017283
pth,8,27,32,0.004159
pth,8,27,4096,3.432898
pth,8,27,512,0.058899
pth,8,27,64,0.004821
pth,8,27,8,0.004113
pth,8,28,1024,0.222251
pth,8,28,128,0.007165
pth,8,28,2048,0.867313
pth,8,28,256,0.017719
pth,8,28,32,0.004218
pth,8,28,4096,3.421637
pth,8,28,512,0.063470
pth,8,28,64,0.004776
pth,8,28,8,0.004115
pth,8,29,1024,0.221027
pth,8,29,128,0.006657
pth,8,29,2048,0.866078
pth,8,29,256,0.017064
pth,8,29,32,0.004267
pth,8,29,4096,3.436572
pth,8,29,512,0.058971
pth,8,29,64,0.004900
pth,8,29,8,0.004072
pth,8,30,1024,0.221656
pth,8,30,128,0.006726
pth,8,30,2048,0.870517
pth,8,30,256,0.017342
pth,8,30,32,0.004151
pth,8,30,4096,3.423496
pth,8,30,512,0.058849
pth,8,30,64,0.004886
pth,8,30,8,0.004102
pth,16,1,1024,0.185938
pth,16,1,128,0.009380
pth,16,1,2048,0.776550
pth,16,1,256,0.015903
pth,16,1,32,0.008946
pth,16,1,4096,2.983187
pth,16,1,512,0.049205
pth,16,1,64,0.009711
pth,16,1,8,0.008930
pth,16,2,1024,0.194738
pth,16,2,128,0.009394
pth,16,2,2048,0.804517
pth,16,2,256,0.016258
pth,16,2,32,0.009319
pth,16,2,4096,3.017613
pth,16,2,512,0.048764
pth,16,2,64,0.009615
pth,16,2,8,0.009080
pth,16,3,1024,0.188343
pth,16,3,128,0.009084
pth,16,3,2048,0.768081
pth,16,3,256,0.015996
pth,16,3,32,0.008918
pth,16,3,4096,2.965449
pth,16,3,512,0.048709
pth,16,3,64,0.009670
pth,16,3,8,0.009445
pth,16,4,1024,0.189023
pth,16,4,128,0.009510
pth,16,4,2048,0.762556
pth,16,4,256,0.015961
pth,16,4,32,0.009289
pth,16,4,4096,2.989656
pth,16,4,512,0.049382
pth,16,4,64,0.009700
pth,16,4,8,0.009090
pth,16,5,1024,0.193797
pth,16,5,128,0.009401
pth,16,5,2048,0.781654
pth,16,5,256,0.015828
pth,16,5,32,0.009953
pth,16,5,4096,2.977486
pth,16,5,512,0.048868
pth,16,5,64,0.009812
pth,16,5,8,0.008937
pth,16,6,1024,0.192104
pth,16,6,128,0.009487
pth,16,6,2048,0.786989
pth,16,6,256,0.015573
pth,16,6,32,0.009218
pth,16,6,4096,2.937993
pth,16,6,512,0.049046
pth,16,6,64,0.009689
pth,16,6,8,0.009404
pth,16,7,1024,0.194804
pth,16,7,128,0.009216
pth,16,7,2048,0.763919
pth,16,7,256,0.016362
pth,16,7,32,0.008902
pth,16,7,4096,2.958130
pth,16,7,512,0.050678
pth,16,7,64,0.009749
pth,16,7,8,0.009341
pth,16,8,1024,0.193156
pth,16,8,128,0.009299
pth,16,8,2048,0.753429
pth,16,8,256,0.016119
pth,16,8,32,0.008941
pth,16,8,4096,2.969131
pth,16,8,512,0.048770
pth,16,8,64,0.009796
pth,16,8,8,0.009323
pth,16,9,1024,0.192114
pth,16,9,128,0.009314
pth,16,9,2048,0.785367
pth,16,9,256,0.015660
pth,16,9,32,0.008974
pth,16,9,4096,2.977655
pth,16,9,512,0.049294
pth,16,9,64,0.009518
pth,16,9,8,0.009554
pth,16,10,1024,0.191244
pth,16,10,128,0.009126
pth,16,10,2048,0.771828
pth,16,10,256,0.015796
pth,16,10,32,0.008975
pth,16,10,4096,2.970725
pth,16,10,512,0.048959
pth,16,10,64,0.009974
pth,16,10,8,0.009563
pth,16,11,1024,0.190844
pth,16,11,128,0.009268
pth,16,11,2048,0.789729
pth,16,11,256,0.015909
pth,16,11,32,0.009006
pth,16,11,4096,2.981979
pth,16,11,512,0.049307
pth,16,11,64,0.009802
pth,16,11,8,0.009255
pth,16,12,1024,0.189112
pth,16,12,128,0.009566
pth,16,12,2048,0.744770
pth,16,12,256,0.016031
pth,16,12,32,0.009271
pth,16,12,4096,2.993951
pth,16,12,512,0.048896
pth,16,12,64,0.009606
pth,16,12,8,0.009121
pth,16,13,1024,0.192213
pth,16,13,128,0.009291
pth,16,13,2048,0.767689
pth,16,13,256,0.016087
pth,16,13,32,0.009160
pth,16,13,4096,3.018780
pth,16,13,512,0.049142
pth,16,13,64,0.009748
pth,16,13,8,0.009338
pth,16,14,1024,0.195826
pth,16,14,128,0.009536
pth,16,14,2048,0.777511
pth,16,14,256,0.016153
pth,16,14,32,0.009038
pth,16,14,4096,2.982287
pth,16,14,512,0.049053
pth,16,14,64,0.009682
pth,16,14,8,0.009450
pth,16,15,1024,0.193197
pth,16,15,128,0.009429
pth,16,15,2048,0.771850
pth,16,15,256,0.015887
pth,16,15,32,0.008816
pth,16,15,4096,2.954360
pth,16,15,512,0.048905
pth,16,15,64,0.009734
pth,16,15,8,0.009284
pth,16,16,1024,0.186442
pth,16,16,128,0.009458
pth,16,16,2048,0.776864
pth,16,16,256,0.015986
pth,16,16,32,0.009405
pth,16,16,4096,3.005764
pth,16,16,512,0.049265
pth,16,16,64,0.009610
pth,16,16,8,0.009048
pth,16,17,1024,0.195074
pth,16,17,128,0.009502
pth,16,17,2048,0.771327
pth,16,17,256,0.016273
pth,16,17,32,0.009453
pth,16,17,4096,2.998884
pth,16,17,512,0.048541
pth,16,17,64,0.010010
pth,16,17,8,0.008993
pth,16,18,1024,0.196006
pth,16,18,128,0.011445
pth,16,18,2048,0.779944
pth,16,18,256,0.015314
pth,16,18,32,0.009015
pth,16,18,4096,2.994032
pth,16,18,512,0.049792
pth,16,18,64,0.009718
pth,16,18,8,0.009222
pth,16,19,1024,0.194497
pth,16,19,128,0.009446
pth,16,19,2048,0.794162
pth,16,19,256,0.016538
pth,16,19,32,0.009200
pth,16,19,4096,2.999501
pth,16,19,512,0.048845
pth,16,19,64,0.009628
pth,16,19,8,0.009175
pth,16,20,1024,0.195276
pth,16,20,128,0.009222
pth,16,20,2048,0.814914
pth,16,20,256,0.016117
pth,16,20,32,0.009220
pth,16,20,4096,2.979056
pth,16,20,512,0.048809
pth,16,20,64,0.009631
pth,16,20,8,0.009251
pth,16,21,1024,0.196728
pth,16,21,128,0.009477
pth,16,21,2048,0.732933
pth,16,21,256,0.015990
pth,16,21,32,0.009288
pth,16,21,4096,2.965374
pth,16,21,512,0.048770
pth,16,21,64,0.009654
pth,16,21,8,0.009518
pth,16,22,1024,0.190540
pth,16,22,128,0.009662
pth,16,22,2048,0.781209
pth,16,22,256,0.015730
pth,16,22,32,0.008984
pth,16,22,4096,3.061655
pth,16,22,512,0.049127
pth,16,22,64,0.009916
pth,16,22,8,0.009014
pth,16,23,1024,0.188787
pth,16,23,128,0.009858
pth,16,23,2048,0.796584
pth,16,23,256,0.015884
pth,16,23,32,0.009123
pth,16,23,4096,3.011663
pth,16,23,512,0.049489
pth,16,23,64,0.009866
pth,16,23,8,0.009254
pth,16,24,1024,0.184739
pth,16,24,128,0.009394
pth,16,24,2048,0.791855
pth,16,24,256,0.016499
pth,16,24,32,0.009609
pth,16,24,4096,2.990545
pth,16,24,512,0.048996
pth,16,24,64,0.009683
pth,16,24,8,0.009667
pth,16,25,1024,0.190384
pth,16,25,128,0.009491
pth,16,25,2048,0.785145
pth,16,25,256,0.015786
pth,16,25,32,0.009192
pth,16,25,4096,2.987392
pth,16,25,512,0.048996
pth,16,25,64,0.009488
pth,16,25,8,0.009075
pth,16,26,1024,0.190039
pth,16,26,128,0.009456
pth,16,26,2048,0.796170
pth,16,26,256,0.015827
pth,16,26,32,0.009344
pth,16,26,4096,3.063227
pth,16,26,512,0.048825
pth,16,26,64,0.009495
pth,16,26,8,0.009710
pth,16,27,1024,0.191287
pth,16,27,128,0.009293
pth,16,27,2048,0.796704
pth,16,27,256,0.015725
pth,16,27,32,0.009112
pth,16,27,4096,2.985614
pth,16,27,512,0.048496
pth,16,27,64,0.009897
pth,16,27,8,0.008789
pth,16,28,1024,0.191587
pth,16,28,128,0.009591
pth,16,28,2048,0.784957
pth,16,28,256,0.016138
pth,16,28,32,0.009103
pth,16,28,4096,3.014815
pth,16,28,512,0.049276
pth,16,28,64,0.009905
pth,16,28,8,0.009482
pth,16,29,1024,0.195786
pth,16,29,128,0.009182
pth,16,29,2048,0.790376
pth,16,29,256,0.015299
pth,16,29,32,0.009177
pth,16,29,4096,2.964758
pth,16,29,512,0.048941
pth,16,29,64,0.010066
pth,16,29,8,0.009030
pth,16,30,1024,0.188874
pth,16,30,128,0.009309
pth,16,30,2048,0.790293
pth,16,30,256,0.015434
pth,16,30,32,0.009058
pth,16,30,4096,3.005984
pth,16,30,512,0.049400
pth,16,30,64,0.009659
pth,16,30,8,0.009180
pth,32,1,1024,0.171556
pth,32,1,128,0.019752
pth,32,1,2048,0.670479
pth,32,1,256,0.023462
pth,32,1,32,0.019345
pth,32,1,4096,2.541472
pth,32,1,512,0.051969
pth,32,1,64,0.019632
pth,32,1,8,0.019998
pth,32,2,1024,0.171894
pth,32,2,128,0.018906
pth,32,2,2048,0.667170
pth,32,2,256,0.022996
pth,32,2,32,0.020018
pth,32,2,4096,2.547831
pth,32,2,512,0.050312
pth,32,2,64,0.019693
pth,32,2,8,0.019980
pth,32,3,1024,0.173611
pth,32,3,128,0.019262
pth,32,3,2048,0.674279
pth,32,3,256,0.023284
pth,32,3,32,0.019437
pth,32,3,4096,2.544346
pth,32,3,512,0.051850
pth,32,3,64,0.019319
pth,32,3,8,0.019138
pth,32,4,1024,0.173988
pth,32,4,128,0.019789
pth,32,4,2048,0.677143
pth,32,4,256,0.023246
pth,32,4,32,0.020255
pth,32,4,4096,2.544126
pth,32,4,512,0.051322
pth,32,4,64,0.019732
pth,32,4,8,0.019769
pth,32,5,1024,0.174265
pth,32,5,128,0.022515
pth,32,5,2048,0.677596
pth,32,5,256,0.022960
pth,32,5,32,0.018684
pth,32,5,4096,2.548813
pth,32,5,512,0.051887
pth,32,5,64,0.019922
pth,32,5,8,0.019032
pth,32,6,1024,0.177591
pth,32,6,128,0.019049
pth,32,6,2048,0.679675
pth,32,6,256,0.022998
pth,32,6,32,0.019568
pth,32,6,4096,2.552812
pth,32,6,512,0.050256
pth,32,6,64,0.019485
pth,32,6,8,0.019172
pth,32,7,1024,0.175451
pth,32,7,128,0.018917
pth,32,7,2048,0.677311
pth,32,7,256,0.023369
pth,32,7,32,0.019422
pth,32,7,4096,2.676076
pth,32,7,512,0.049732
pth,32,7,64,0.019869
pth,32,7,8,0.018832
pth,32,8,1024,0.174345
pth,32,8,128,0.019024
pth,32,8,2048,0.676683
pth,32,8,256,0.023384
pth,32,8,32,0.019525
pth,32,8,4096,2.546234
pth,32,8,512,0.052132
pth,32,8,64,0.020102
pth,32,8,8,0.018704
pth,32,9,1024,0.172413
pth,32,9,128,0.018717
pth,32,9,2048,0.674978
pth,32,9,256,0.028303
pth,32,9,32,0.019291
pth,32,9,4096,2.558670
pth,32,9,512,0.051727
pth,32,9,64,0.019353
pth,32,9,8,0.019138
pth,32,10,1024,0.173624
pth,32,10,128,0.018873
pth,32,10,2048,0.677935
pth,32,10,256,0.023098
pth,32,10,32,0.019940
pth,32,10,4096,2.560137
pth,32,10,512,0.052011
pth,32,10,64,0.019409
pth,32,10,8,0.019416
pth,32,11,1024,0.175962
pth,32,11,128,0.018542
pth,32,11,2048,0.681262
pth,32,11,256,0.023263
pth,32,11,32,0.020294
pth,32,11,4096,2.557511
pth,32,11,512,0.051120
pth,32,11,64,0.019778
pth,32,11,8,0.018947
pth,32,12,1024,0.173383
pth,32,12,128,0.019337
pth,32,12,2048,0.676966
pth,32,12,256,0.023406
pth,32,12,32,0.019248
pth,32,12,4096,2.562497
pth,32,12,512,0.051796
pth,32,12,64,0.019157
pth,32,12,8,0.019611
pth,32,13,1024,0.175329
pth,32,13,128,0.018908
pth,32,13,2048,0.679441
pth,32,13,256,0.023550
pth,32,13,32,0.020123
pth,32,13,4096,2.559543
pth,32,13,512,0.050800
pth,32,13,64,0.019778
pth,32,13,8,0.019056
pth,32,14,1024,0.177393
pth,32,14,128,0.019348
pth,32,14,2048,0.677258
pth,32,14,256,0.022883
pth,32,14,32,0.019097
pth,32,14,4096,2.569428
pth,32,14,512,0.052973
pth,32,14,64,0.019361
pth,32,14,8,0.018982
pth,32,15,1024,0.175647
pth,32,15,128,0.018788
pth,32,15,2048,0.673389
pth,32,15,256,0.023464
pth,32,15,32,0.019736
pth,32,15,4096,2.552222
pth,32,15,512,0.050566
pth,32,15,64,0.019301
pth,32,15,8,0.018907
pth,32,16,1024,0.174489
pth,32,16,128,0.018917
pth,32,16,2048,0.676434
pth,32,16,256,0.023183
pth,32,16,32,0.019709
pth,32,16,4096,2.569386
pth,32,16,512,0.050867
pth,32,16,64,0.019380
pth,32,16,8,0.018766
pth,32,17,1024,0.174162
pth,32,17,128,0.019385
pth,32,17,2048,0.676277
pth,32,17,256,0.023033
pth,32,17,32,0.019594
pth,32,17,4096,2.554987
pth,32,17,512,0.050887
pth,32,17,64,0.019458
pth,32,17,8,0.019831
pth,32,18,1024,0.174193
pth,32,18,128,0.018930
pth,32,18,2048,0.679329
pth,32,18,256,0.023162
pth,32,18,32,0.020733
pth,32,18,4096,2.656586
pth,32,18,512,0.050398
pth,32,18,64,0.019414
pth,32,18,8,0.019413
pth,32,19,1024,0.175014
pth,32,19,128,0.019249
pth,32,19,2048,0.681407
pth,32,19,256,0.023053
pth,32,19,32,0.019976
pth,32,19,4096,2.566436
pth,32,19,512,0.051680
pth,32,19,64,0.019668
pth,32,19,8,0.019170
pth,32,20,1024,0.173238
pth,32,20,128,0.018914
pth,32,20,2048,0.676959
pth,32,20,256,0.023247
pth,32,20,32,0.019269
pth,32,20,4096,2.570596
pth,32,20,512,0.049596
pth,32,20,64,0.019510
pth,32,20,8,0.019138
pth,32,21,1024,0.176434
pth,32,21,128,0.019059
pth,32,21,2048,0.674976
pth,32,21,256,0.023014
pth,32,21,32,0.019138
pth,32,21,4096,2.657138
pth,32,21,512,0.051811
pth,32,21,64,0.020001
pth,32,21,8,0.018842
pth,32,22,1024,0.173927
pth,32,22,128,0.018796
pth,32,22,2048,0.679285
pth,32,22,256,0.023324
pth,32,22,32,0.019902
pth,32,22,4096,2.569004
pth,32,22,512,0.053758
pth,32,22,64,0.019501
pth,32,22,8,0.019090
pth,32,23,1024,0.175467
pth,32,23,128,0.019180
pth,32,23,2048,0.687317
pth,32,23,256,0.023228
pth,32,23,32,0.020158
pth,32,23,4096,2.551865
pth,32,23,512,0.051070
pth,32,23,64,0.019509
pth,32,23,8,0.020285
pth,32,24,1024,0.177449
pth,32,24,128,0.018823
pth,32,24,2048,0.676371
pth,32,24,256,0.023259
pth,32,24,32,0.019738
pth,32,24,4096,2.571338
pth,32,24,512,0.050183
pth,32,24,64,0.018931
pth,32,24,8,0.019145
pth,32,25,1024,0.173779
pth,32,25,128,0.020231
pth,32,25,2048,0.693141
pth,32,25,256,0.022808
pth,32,25,32,0.021161
pth,32,25,4096,2.554672
pth,32,25,512,0.054082
pth,32,25,64,0.019946
pth,32,25,8,0.019210
pth,32,26,1024,0.173737
pth,32,26,128,0.019420
pth,32,26,2048,0.682349
pth,32,26,256,0.022880
pth,32,26,32,0.020411
pth,32,26,4096,2.555628
pth,32,26,512,0.050916
pth,32,26,64,0.020326
pth,32,26,8,0.019212
pth,32,27,1024,0.175077
pth,32,27,128,0.019286
pth,32,27,2048,0.674709
pth,32,27,256,0.023331
pth,32,27,32,0.020294
pth,32,27,4096,2.568940
pth,32,27,512,0.050512
pth,32,27,64,0.020644
pth,32,27,8,0.018995
pth,32,28,1024,0.175939
pth,32,28,128,0.019569
pth,32,28,2048,0.688614
pth,32,28,256,0.023261
pth,32,28,32,0.020062
pth,32,28,4096,2.563039
pth,32,28,512,0.052148
pth,32,28,64,0.019279
pth,32,28,8,0.019668
pth,32,29,1024,0.171821
pth,32,29,128,0.019230
pth,32,29,2048,0.688866
pth,32,29,256,0.023060
pth,32,29,32,0.019615
pth,32,29,4096,2.563364
pth,32,29,512,0.051069
pth,32,29,64,0.020491
pth,32,29,8,0.018804
pth,32,30,1024,0.174788
pth,32,30,128,0.019769
pth,32,30,2048,0.677832
pth,32,30,256,0.023041
pth,32,30,32,0.019610
pth,32,30,4096,2.574054
pth,32,30,512,0.049852
pth,32,30,64,0.019239
pth,32,30,8,0.019161
seq,1,1,1024,0.676308
seq,1,1,128,0.010752
seq,1,1,2048,2.671217
seq,1,1,256,0.042573
seq,1,1,32,0.000619
seq,1,1,4096,11.072568
seq,1,1,512,0.169903
seq,1,1,64,0.002662
seq,1,1,8,0.000035
seq,1,2,1024,0.691946
seq,1,2,128,0.010485
seq,1,2,2048,2.704111
seq,1,2,256,0.043224
seq,1,2,32,0.000615
seq,1,2,4096,10.786686
seq,1,2,512,0.168876
seq,1,2,64,0.002622
seq,1,2,8,0.000035
seq,1,3,1024,0.691729
seq,1,3,128,0.010545
seq,1,3,2048,2.683744
seq,1,3,256,0.042894
seq,1,3,32,0.000620
seq,1,3,4096,10.754613
seq,1,3,512,0.169763
seq,1,3,64,0.002559
seq,1,3,8,0.000034
seq,1,4,1024,0.691018
seq,1,4,128,0.010456
seq,1,4,2048,2.675567
seq,1,4,256,0.042434
seq,1,4,32,0.000643
seq,1,4,4096,11.073105
seq,1,4,512,0.168339
seq,1,4,64,0.002656
seq,1,4,8,0.000036
seq,1,5,1024,0.667578
seq,1,5,128,0.010571
seq,1,5,2048,2.680866
seq,1,5,256,0.042182
seq,1,5,32,0.000621
seq,1,5,4096,11.069951
seq,1,5,512,0.169916
seq,1,5,64,0.002561
seq,1,5,8,0.000034
seq,1,6,1024,0.691183
seq,1,6,128,0.010364
seq,1,6,2048,2.764764
seq,1,6,256,0.042372
seq,1,6,32,0.000649
seq,1,6,4096,10.681228
seq,1,6,512,0.169259
seq,1,6,64,0.002569
seq,1,6,8,0.000034
seq,1,7,1024,0.692073
seq,1,7,128,0.010400
seq,1,7,2048,2.696334
seq,1,7,256,0.042463
seq,1,7,32,0.000649
seq,1,7,4096,10.706353
seq,1,7,512,0.168806
seq,1,7,64,0.002586
seq,1,7,8,0.000036
seq,1,8,1024,0.691078
seq,1,8,128,0.010383
seq,1,8,2048,2.686410
seq,1,8,256,0.042402
seq,1,8,32,0.000651
seq,1,8,4096,10.710592
seq,1,8,512,0.172942
seq,1,8,64,0.002615
seq,1,8,8,0.000036
seq,1,9,1024,0.691817
seq,1,9,128,0.010732
seq,1,9,2048,2.772731
seq,1,9,256,0.042309
seq,1,9,32,0.000645
seq,1,9,4096,11.063814
seq,1,9,512,0.169018
seq,1,9,64,0.002628
seq,1,9,8,0.000035
seq,1,10,1024,0.691538
seq,1,10,128,0.010359
seq,1,10,2048,2.819550
seq,1,10,256,0.042410
seq,1,10,32,0.000644
seq,1,10,4096,11.069956
seq,1,10,512,0.169662
seq,1,10,64,0.002623
seq,1,10,8,0.000036
seq,1,11,1024,0.692351
seq,1,11,128,0.010751
seq,1,11,2048,2.682751
seq,1,11,256,0.042347
seq,1,11,32,0.000621
seq,1,11,4096,10.703507
seq,1,11,512,0.170858
seq,1,11,64,0.002614
seq,1,11,8,0.000036
seq,1,12,1024,0.691718
seq,1,12,128,0.010439
seq,1,12,2048,2.687578
seq,1,12,256,0.043855
seq,1,12,32,0.000615
seq,1,12,4096,11.068362
seq,1,12,512,0.168821
seq,1,12,64,0.002629
seq,1,12,8,0.000035
seq,1,13,1024,0.692131
seq,1,13,128,0.010385
seq,1,13,2048,2.775601
seq,1,13,256,0.042524
seq,1,13,32,0.000696
seq,1,13,4096,10.700451
seq,1,13,512,0.172596
seq,1,13,64,0.002625
seq,1,13,8,0.000036
seq,1,14,1024,0.692240
seq,1,14,128,0.010427
seq,1,14,2048,2.767453
seq,1,14,256,0.042807
seq,1,14,32,0.000650
seq,1,14,4096,11.072125
seq,1,14,512,0.169183
seq,1,14,64,0.002662
seq,1,14,8,0.000035
seq,1,15,1024,0.692260
seq,1,15,128,0.010473
seq,1,15,2048,2.775246
seq,1,15,256,0.042855
seq,1,15,32,0.000652
seq,1,15,4096,11.073604
seq,1,15,512,0.169983
seq,1,15,64,0.002658
seq,1,15,8,0.000034
seq,1,16,1024,0.692120
seq,1,16,128,0.010395
seq,1,16,2048,2.771909
seq,1,16,256,0.042654
seq,1,16,32,0.000644
seq,1,16,4096,11.070406
seq,1,16,512,0.168501
seq,1,16,64,0.002623
seq,1,16,8,0.000036
seq,1,17,1024,0.692366
seq,1,17,128,0.010458
seq,1,17,2048,2.686371
seq,1,17,256,0.043028
seq,1,17,32,0.000629
seq,1,17,4096,11.067194
seq,1,17,512,0.169077
seq,1,17,64,0.002627
seq,1,17,8,0.000035
seq,1,18,1024,0.691087
seq,1,18,128,0.010390
seq,1,18,2048,2.678193
seq,1,18,256,0.042370
seq,1,18,32,0.000652
seq,1,18,4096,10.707598
seq,1,18,512,0.169120
seq,1,18,64,0.002592
seq,1,18,8,0.000036
seq,1,19,1024,0.691661
seq,1,19,128,0.010404
seq,1,19,2048,2.687990
seq,1,19,256,0.042466
seq,1,19,32,0.000649
seq,1,19,4096,11.071190
seq,1,19,512,0.169237
seq,1,19,64,0.002527
seq,1,19,8,0.000036
seq,1,20,1024,0.670958
seq,1,20,128,0.010357
seq,1,20,2048,2.672869
seq,1,20,256,0.042217
seq,1,20,32,0.000619
seq,1,20,4096,11.070300
seq,1,20,512,0.170013
seq,1,20,64,0.002627
seq,1,20,8,0.000035
seq,1,21,1024,0.691738
seq,1,21,128,0.010377
seq,1,21,2048,2.685505
seq,1,21,256,0.042425
seq,1,21,32,0.000649
seq,1,21,4096,10.685675
seq,1,21,512,0.169044
seq,1,21,64,0.002527
seq,1,21,8,0.000034
seq,1,22,1024,0.692131
seq,1,22,128,0.010543
seq,1,22,2048,2.764796
seq,1,22,256,0.042645
seq,1,22,32,0.000643
seq,1,22,4096,11.069802
seq,1,22,512,0.172899
seq,1,22,64,0.002634
seq,1,22,8,0.000035
seq,1,23,1024,0.691647
seq,1,23,128,0.010433
seq,1,23,2048,2.679103
seq,1,23,256,0.042325
seq,1,23,32,0.000644
seq,1,23,4096,10.700055
seq,1,23,512,0.170983
seq,1,23,64,0.002584
seq,1,23,8,0.000036
seq,1,24,1024,0.673287
seq,1,24,128,0.010352
seq,1,24,2048,2.684435
seq,1,24,256,0.042504
seq,1,24,32,0.000644
seq,1,24,4096,10.708647
seq,1,24,512,0.167808
seq,1,24,64,0.002506
seq,1,24,8,0.000036
seq,1,25,1024,0.691770
seq,1,25,128,0.010403
seq,1,25,2048,2.691795
seq,1,25,256,0.042185
seq,1,25,32,0.000620
seq,1,25,4096,11.071094
seq,1,25,512,0.168571
seq,1,25,64,0.002627
seq,1,25,8,0.000035
seq,1,26,1024,0.691716
seq,1,26,128,0.010377
seq,1,26,2048,2.682408
seq,1,26,256,0.042644
seq,1,26,32,0.000645
seq,1,26,4096,10.722238
seq,1,26,512,0.169575
seq,1,26,64,0.002569
seq,1,26,8,0.000034
seq,1,27,1024,0.691831
seq,1,27,128,0.010439
seq,1,27,2048,2.676708
seq,1,27,256,0.042588
seq,1,27,32,0.000644
seq,1,27,4096,10.945396
seq,1,27,512,0.172509
seq,1,27,64,0.002632
seq,1,27,8,0.000035
seq,1,28,1024,0.701500
seq,1,28,128,0.010365
seq,1,28,2048,2.683949
seq,1,28,256,0.042395
seq,1,28,32,0.000644
seq,1,28,4096,10.705219
seq,1,28,512,0.168932
seq,1,28,64,0.002564
seq,1,28,8,0.000034
seq,1,29,1024,0.691713
seq,1,29,128,0.010395
seq,1,29,2048,2.680529
seq,1,29,256,0.042688
seq,1,29,32,0.000702
seq,1,29,4096,10.717170
seq,1,29,512,0.168828
seq,1,29,64,0.002656
seq,1,29,8,0.000035
seq,1,30,1024,0.691279
seq,1,30,128,0.010439
seq,1,30,2048,2.685582
seq,1,30,256,0.042423
seq,1,30,32,0.000703
seq,1,30,4096,10.711349
seq,1,30,512,0.170017
seq,1,30,64,0.002620
seq,1,30,8,0.000034
