n_processos,array_size,custom,iteration,time
1,1024,true,1,0.000000
1,1024,true,2,0.000000
1,1024,true,3,0.000000
1,1024,true,4,0.000000
1,1024,true,5,0.000000
1,1024,true,6,0.000000
1,1024,true,7,0.000000
1,1024,true,8,0.000000
1,1024,true,9,0.000000
1,1024,true,10,0.000000
1,1024,true,11,0.000003
1,1024,true,12,0.000000
1,1024,true,13,0.000000
1,1024,true,14,0.000000
1,1024,true,15,0.000000
1,1024,true,16,0.000000
1,1024,true,17,0.000000
1,1024,true,18,0.000000
1,1024,true,19,0.000000
1,1024,true,20,0.000000
1,1024,true,21,0.000000
1,1024,true,22,0.000000
1,1024,true,23,0.000000
1,1024,true,24,0.000000
1,1024,true,25,0.000003
1,1024,true,26,0.000000
1,1024,true,27,0.000000
1,1024,true,28,0.000000
1,1024,true,29,0.000000
1,1024,true,30,0.000000
2,1024,true,1,0.000025
2,1024,true,2,0.000021
2,1024,true,3,0.000022
2,1024,true,4,0.000017
2,1024,true,5,0.000022
2,1024,true,6,0.000019
2,1024,true,7,0.000018
2,1024,true,8,0.000026
2,1024,true,9,0.000020
2,1024,true,10,0.000021
2,1024,true,11,0.000021
2,1024,true,12,0.000020
2,1024,true,13,0.000022
2,1024,true,14,0.000021
2,1024,true,15,0.000022
2,1024,true,16,0.000024
2,1024,true,17,0.000021
2,1024,true,18,0.000019
2,1024,true,19,0.000021
2,1024,true,20,0.000017
2,1024,true,21,0.000020
2,1024,true,22,0.000019
2,1024,true,23,0.000020
2,1024,true,24,0.000022
2,1024,true,25,0.000017
2,1024,true,26,0.000023
2,1024,true,27,0.000022
2,1024,true,28,0.000022
2,1024,true,29,0.000018
2,1024,true,30,0.000021
4,1024,true,1,0.000034
4,1024,true,2,0.000040
4,1024,true,3,0.000032
4,1024,true,4,0.000038
4,1024,true,5,0.000033
4,1024,true,6,0.000051
4,1024,true,7,0.000034
4,1024,true,8,0.000041
4,1024,true,9,0.000033
4,1024,true,10,0.000035
4,1024,true,11,0.000035
4,1024,true,12,0.000033
4,1024,true,13,0.000036
4,1024,true,14,0.000035
4,1024,true,15,0.000034
4,1024,true,16,0.000032
4,1024,true,17,0.000036
4,1024,true,18,0.000042
4,1024,true,19,0.000033
4,1024,true,20,0.000033
4,1024,true,21,0.000049
4,1024,true,22,0.000032
4,1024,true,23,0.000037
4,1024,true,24,0.000032
4,1024,true,25,0.000036
4,1024,true,26,0.000042
4,1024,true,27,0.000032
4,1024,true,28,0.000032
4,1024,true,29,0.000038
4,1024,true,30,0.000037
8,1024,true,1,0.000088
8,1024,true,2,0.000083
8,1024,true,3,0.000094
8,1024,true,4,0.000089
8,1024,true,5,0.000103
8,1024,true,6,0.000087
8,1024,true,7,0.000090
8,1024,true,8,0.000082
8,1024,true,9,0.000090
8,1024,true,10,0.000085
8,1024,true,11,0.000096
8,1024,true,12,0.000091
8,1024,true,13,0.000087
8,1024,true,14,0.000094
8,1024,true,15,0.000091
8,1024,true,16,0.000095
8,1024,true,17,0.000095
8,1024,true,18,0.000093
8,1024,true,19,0.000087
8,1024,true,20,0.000101
8,1024,true,21,0.000098
8,1024,true,22,0.000088
8,1024,true,23,0.000093
8,1024,true,24,0.000092
8,1024,true,25,0.000087
8,1024,true,26,0.000095
8,1024,true,27,0.000085
8,1024,true,28,0.000082
8,1024,true,29,0.000093
8,1024,true,30,0.000093
16,1024,true,1,0.000299
16,1024,true,2,0.000283
16,1024,true,3,0.000248
16,1024,true,4,0.000232
16,1024,true,5,0.000261
16,1024,true,6,0.000235
16,1024,true,7,0.000272
16,1024,true,8,0.000238
16,1024,true,9,0.000353
16,1024,true,10,0.000248
16,1024,true,11,0.000280
16,1024,true,12,0.000350
16,1024,true,13,0.000272
16,1024,true,14,0.000248
16,1024,true,15,0.000241
16,1024,true,16,0.000255
16,1024,true,17,0.000288
16,1024,true,18,0.000218
16,1024,true,19,0.000232
16,1024,true,20,0.000253
16,1024,true,21,0.000275
16,1024,true,22,0.000232
16,1024,true,23,0.000226
16,1024,true,24,0.000239
16,1024,true,25,0.000242
16,1024,true,26,0.000251
16,1024,true,27,0.000291
16,1024,true,28,0.000284
16,1024,true,29,0.000230
16,1024,true,30,0.000263
32,1024,true,1,0.000892
32,1024,true,2,0.001423
32,1024,true,3,0.000905
32,1024,true,4,0.000941
32,1024,true,5,0.000697
32,1024,true,6,0.000821
32,1024,true,7,0.000751
32,1024,true,8,0.001872
32,1024,true,9,0.000992
32,1024,true,10,0.000745
32,1024,true,11,0.001479
32,1024,true,12,0.001142
32,1024,true,13,0.000805
32,1024,true,14,0.012400
32,1024,true,15,0.001122
32,1024,true,16,0.001245
32,1024,true,17,0.001801
32,1024,true,18,0.000943
32,1024,true,19,0.001179
32,1024,true,20,0.000720
32,1024,true,21,0.000783
32,1024,true,22,0.000711
32,1024,true,23,0.001147
32,1024,true,24,0.001100
32,1024,true,25,0.000633
32,1024,true,26,0.001086
32,1024,true,27,0.000979
32,1024,true,28,0.000705
32,1024,true,29,0.000784
32,1024,true,30,0.000919
1,2048,true,1,0.000000
1,2048,true,2,0.000003
1,2048,true,3,0.000000
1,2048,true,4,0.000000
1,2048,true,5,0.000003
1,2048,true,6,0.000003
1,2048,true,7,0.000000
1,2048,true,8,0.000000
1,2048,true,9,0.000000
1,2048,true,10,0.000000
1,2048,true,11,0.000003
1,2048,true,12,0.000000
1,2048,true,13,0.000000
1,2048,true,14,0.000000
1,2048,true,15,0.000000
1,2048,true,16,0.000000
1,2048,true,17,0.000000
1,2048,true,18,0.000000
1,2048,true,19,0.000003
1,2048,true,20,0.000000
1,2048,true,21,0.000003
1,2048,true,22,0.000000
1,2048,true,23,0.000003
1,2048,true,24,0.000000
1,2048,true,25,0.000000
1,2048,true,26,0.000000
1,2048,true,27,0.000003
1,2048,true,28,0.000000
1,2048,true,29,0.000000
1,2048,true,30,0.000000
2,2048,true,1,0.000020
2,2048,true,2,0.000025
2,2048,true,3,0.000023
2,2048,true,4,0.000025
2,2048,true,5,0.000025
2,2048,true,6,0.000025
2,2048,true,7,0.000025
2,2048,true,8,0.000020
2,2048,true,9,0.000020
2,2048,true,10,0.000022
2,2048,true,11,0.000022
2,2048,true,12,0.000020
2,2048,true,13,0.000024
2,2048,true,14,0.000022
2,2048,true,15,0.000026
2,2048,true,16,0.000024
2,2048,true,17,0.000025
2,2048,true,18,0.000022
2,2048,true,19,0.000021
2,2048,true,20,0.000024
2,2048,true,21,0.000023
2,2048,true,22,0.000019
2,2048,true,23,0.000025
2,2048,true,24,0.000026
2,2048,true,25,0.000022
2,2048,true,26,0.000024
2,2048,true,27,0.000025
2,2048,true,28,0.000021
2,2048,true,29,0.000023
2,2048,true,30,0.000020
4,2048,true,1,0.000040
4,2048,true,2,0.000042
4,2048,true,3,0.000042
4,2048,true,4,0.000043
4,2048,true,5,0.000042
4,2048,true,6,0.000043
4,2048,true,7,0.000048
4,2048,true,8,0.000039
4,2048,true,9,0.000045
4,2048,true,10,0.000043
4,2048,true,11,0.000043
4,2048,true,12,0.000047
4,2048,true,13,0.000044
4,2048,true,14,0.000044
4,2048,true,15,0.000042
4,2048,true,16,0.000040
4,2048,true,17,0.000041
4,2048,true,18,0.000048
4,2048,true,19,0.000038
4,2048,true,20,0.000039
4,2048,true,21,0.000044
4,2048,true,22,0.000041
4,2048,true,23,0.000043
4,2048,true,24,0.000046
4,2048,true,25,0.000037
4,2048,true,26,0.000038
4,2048,true,27,0.000046
4,2048,true,28,0.000044
4,2048,true,29,0.000046
4,2048,true,30,0.000043
8,2048,true,1,0.000103
8,2048,true,2,0.000100
8,2048,true,3,0.000099
8,2048,true,4,0.000107
8,2048,true,5,0.000105
8,2048,true,6,0.000113
8,2048,true,7,0.000107
8,2048,true,8,0.000105
8,2048,true,9,0.000111
8,2048,true,10,0.000343
8,2048,true,11,0.000109
8,2048,true,12,0.000108
8,2048,true,13,0.000101
8,2048,true,14,0.000100
8,2048,true,15,0.000103
8,2048,true,16,0.000106
8,2048,true,17,0.000109
8,2048,true,18,0.000106
8,2048,true,19,0.000105
8,2048,true,20,0.000108
8,2048,true,21,0.000104
8,2048,true,22,0.000097
8,2048,true,23,0.000106
8,2048,true,24,0.000101
8,2048,true,25,0.000104
8,2048,true,26,0.000103
8,2048,true,27,0.000101
8,2048,true,28,0.000108
8,2048,true,29,0.000113
8,2048,true,30,0.000105
16,2048,true,1,0.000268
16,2048,true,2,0.000304
16,2048,true,3,0.000282
16,2048,true,4,0.000310
16,2048,true,5,0.000288
16,2048,true,6,0.000258
16,2048,true,7,0.000288
16,2048,true,8,0.000263
16,2048,true,9,0.000272
16,2048,true,10,0.000401
16,2048,true,11,0.000289
16,2048,true,12,0.000284
16,2048,true,13,0.000315
16,2048,true,14,0.000340
16,2048,true,15,0.000292
16,2048,true,16,0.000304
16,2048,true,17,0.000320
16,2048,true,18,0.000248
16,2048,true,19,0.000256
16,2048,true,20,0.000267
16,2048,true,21,0.000271
16,2048,true,22,0.000282
16,2048,true,23,0.000263
16,2048,true,24,0.000253
16,2048,true,25,0.000310
16,2048,true,26,0.000267
16,2048,true,27,0.000269
16,2048,true,28,0.000283
16,2048,true,29,0.000259
16,2048,true,30,0.000299
32,2048,true,1,0.000804
32,2048,true,2,0.000695
32,2048,true,3,0.000858
32,2048,true,4,0.001080
32,2048,true,5,0.001536
32,2048,true,6,0.000942
32,2048,true,7,0.000866
32,2048,true,8,0.000683
32,2048,true,9,0.000934
32,2048,true,10,0.001484
32,2048,true,11,0.001294
32,2048,true,12,0.001196
32,2048,true,13,0.000826
32,2048,true,14,0.000802
32,2048,true,15,0.001529
32,2048,true,16,0.002002
32,2048,true,17,0.000901
32,2048,true,18,0.000889
32,2048,true,19,0.000874
32,2048,true,20,0.002063
32,2048,true,21,0.001099
32,2048,true,22,0.001331
32,2048,true,23,0.001143
32,2048,true,24,0.005972
32,2048,true,25,0.000821
32,2048,true,26,0.000953
32,2048,true,27,0.000804
32,2048,true,28,0.001910
32,2048,true,29,0.000919
32,2048,true,30,0.000806
1,4096,true,1,0.000003
1,4096,true,2,0.000000
1,4096,true,3,0.000003
1,4096,true,4,0.000000
1,4096,true,5,0.000000
1,4096,true,6,0.000000
1,4096,true,7,0.000003
1,4096,true,8,0.000000
1,4096,true,9,0.000000
1,4096,true,10,0.000000
1,4096,true,11,0.000000
1,4096,true,12,0.000000
1,4096,true,13,0.000001
1,4096,true,14,0.000000
1,4096,true,15,0.000000
1,4096,true,16,0.000000
1,4096,true,17,0.000003
1,4096,true,18,0.000000
1,4096,true,19,0.000000
1,4096,true,20,0.000000
1,4096,true,21,0.000000
1,4096,true,22,0.000000
1,4096,true,23,0.000003
1,4096,true,24,0.000000
1,4096,true,25,0.000000
1,4096,true,26,0.000000
1,4096,true,27,0.000000
1,4096,true,28,0.000000
1,4096,true,29,0.000000
1,4096,true,30,0.000000
2,4096,true,1,0.000025
2,4096,true,2,0.000028
2,4096,true,3,0.000025
2,4096,true,4,0.000029
2,4096,true,5,0.000025
2,4096,true,6,0.000029
2,4096,true,7,0.000028
2,4096,true,8,0.000027
2,4096,true,9,0.000029
2,4096,true,10,0.000028
2,4096,true,11,0.000025
2,4096,true,12,0.000029
2,4096,true,13,0.000029
2,4096,true,14,0.000025
2,4096,true,15,0.000023
2,4096,true,16,0.000025
2,4096,true,17,0.000029
2,4096,true,18,0.000026
2,4096,true,19,0.000026
2,4096,true,20,0.000023
2,4096,true,21,0.000029
2,4096,true,22,0.000024
2,4096,true,23,0.000028
2,4096,true,24,0.000028
2,4096,true,25,0.000026
2,4096,true,26,0.000027
2,4096,true,27,0.000026
2,4096,true,28,0.000029
2,4096,true,29,0.000022
2,4096,true,30,0.000028
4,4096,true,1,0.000043
4,4096,true,2,0.000050
4,4096,true,3,0.000051
4,4096,true,4,0.000046
4,4096,true,5,0.000051
4,4096,true,6,0.000049
4,4096,true,7,0.000050
4,4096,true,8,0.000051
4,4096,true,9,0.000051
4,4096,true,10,0.000044
4,4096,true,11,0.000051
4,4096,true,12,0.000043
4,4096,true,13,0.000050
4,4096,true,14,0.000048
4,4096,true,15,0.000050
4,4096,true,16,0.000055
4,4096,true,17,0.000048
4,4096,true,18,0.000062
4,4096,true,19,0.000045
4,4096,true,20,0.000051
4,4096,true,21,0.000052
4,4096,true,22,0.000052
4,4096,true,23,0.000049
4,4096,true,24,0.000053
4,4096,true,25,0.000047
4,4096,true,26,0.000051
4,4096,true,27,0.000052
4,4096,true,28,0.000052
4,4096,true,29,0.000049
4,4096,true,30,0.000054
8,4096,true,1,0.000122
8,4096,true,2,0.000124
8,4096,true,3,0.000126
8,4096,true,4,0.000134
8,4096,true,5,0.000119
8,4096,true,6,0.000124
8,4096,true,7,0.000118
8,4096,true,8,0.000123
8,4096,true,9,0.000129
8,4096,true,10,0.000126
8,4096,true,11,0.000128
8,4096,true,12,0.000123
8,4096,true,13,0.000118
8,4096,true,14,0.000123
8,4096,true,15,0.000125
8,4096,true,16,0.000117
8,4096,true,17,0.000127
8,4096,true,18,0.000129
8,4096,true,19,0.000127
8,4096,true,20,0.000121
8,4096,true,21,0.000133
8,4096,true,22,0.000131
8,4096,true,23,0.000123
8,4096,true,24,0.000135
8,4096,true,25,0.000131
8,4096,true,26,0.000126
8,4096,true,27,0.000126
8,4096,true,28,0.000123
8,4096,true,29,0.000131
8,4096,true,30,0.000125
16,4096,true,1,0.000316
16,4096,true,2,0.000318
16,4096,true,3,0.000365
16,4096,true,4,0.000317
16,4096,true,5,0.000359
16,4096,true,6,0.000293
16,4096,true,7,0.000391
16,4096,true,8,0.000287
16,4096,true,9,0.000331
16,4096,true,10,0.000360
16,4096,true,11,0.000305
16,4096,true,12,0.000354
16,4096,true,13,0.000370
16,4096,true,14,0.000384
16,4096,true,15,0.000404
16,4096,true,16,0.000341
16,4096,true,17,0.000297
16,4096,true,18,0.000349
16,4096,true,19,0.000328
16,4096,true,20,0.000358
16,4096,true,21,0.000310
16,4096,true,22,0.000329
16,4096,true,23,0.000351
16,4096,true,24,0.000302
16,4096,true,25,0.000297
16,4096,true,26,0.000546
16,4096,true,27,0.000359
16,4096,true,28,0.000360
16,4096,true,29,0.000376
16,4096,true,30,0.000311
32,4096,true,1,0.001004
32,4096,true,2,0.000853
32,4096,true,3,0.001037
32,4096,true,4,0.000989
32,4096,true,5,0.000719
32,4096,true,6,0.000810
32,4096,true,7,0.000893
32,4096,true,8,0.012704
32,4096,true,9,0.001311
32,4096,true,10,0.000971
32,4096,true,11,0.000764
32,4096,true,12,0.001401
32,4096,true,13,0.001303
32,4096,true,14,0.001045
32,4096,true,15,0.001024
32,4096,true,16,0.001151
32,4096,true,17,0.001072
32,4096,true,18,0.001016
32,4096,true,19,0.001243
32,4096,true,20,0.000975
32,4096,true,21,0.001096
32,4096,true,22,0.001136
32,4096,true,23,0.000690
32,4096,true,24,0.000846
32,4096,true,25,0.000847
32,4096,true,26,0.001046
32,4096,true,27,0.001039
32,4096,true,28,0.001055
32,4096,true,29,0.000944
32,4096,true,30,0.000849
1,8192,true,1,0.000000
1,8192,true,2,0.000000
1,8192,true,3,0.000000
1,8192,true,4,0.000000
1,8192,true,5,0.000000
1,8192,true,6,0.000000
1,8192,true,7,0.000000
1,8192,true,8,0.000000
1,8192,true,9,0.000003
1,8192,true,10,0.000000
1,8192,true,11,0.000000
1,8192,true,12,0.000000
1,8192,true,13,0.000000
1,8192,true,14,0.000003
1,8192,true,15,0.000000
1,8192,true,16,0.000000
1,8192,true,17,0.000000
1,8192,true,18,0.000000
1,8192,true,19,0.000000
1,8192,true,20,0.000000
1,8192,true,21,0.000000
1,8192,true,22,0.000000
1,8192,true,23,0.000000
1,8192,true,24,0.000000
1,8192,true,25,0.000000
1,8192,true,26,0.000000
1,8192,true,27,0.000000
1,8192,true,28,0.000000
1,8192,true,29,0.000000
1,8192,true,30,0.000000
2,8192,true,1,0.000029
2,8192,true,2,0.000031
2,8192,true,3,0.000034
2,8192,true,4,0.000032
2,8192,true,5,0.000034
2,8192,true,6,0.000032
2,8192,true,7,0.000030
2,8192,true,8,0.000034
2,8192,true,9,0.000033
2,8192,true,10,0.000030
2,8192,true,11,0.000031
2,8192,true,12,0.000030
2,8192,true,13,0.000036
2,8192,true,14,0.000029
2,8192,true,15,0.000032
2,8192,true,16,0.000033
2,8192,true,17,0.000034
2,8192,true,18,0.000031
2,8192,true,19,0.000034
2,8192,true,20,0.000033
2,8192,true,21,0.000034
2,8192,true,22,0.000032
2,8192,true,23,0.000031
2,8192,true,24,0.000031
2,8192,true,25,0.000033
2,8192,true,26,0.000031
2,8192,true,27,0.000033
2,8192,true,28,0.000032
2,8192,true,29,0.000030
2,8192,true,30,0.000031
4,8192,true,1,0.000065
4,8192,true,2,0.000062
4,8192,true,3,0.000067
4,8192,true,4,0.000061
4,8192,true,5,0.000070
4,8192,true,6,0.000058
4,8192,true,7,0.000066
4,8192,true,8,0.000065
4,8192,true,9,0.000069
4,8192,true,10,0.000063
4,8192,true,11,0.000069
4,8192,true,12,0.000065
4,8192,true,13,0.000061
4,8192,true,14,0.000062
4,8192,true,15,0.000065
4,8192,true,16,0.000067
4,8192,true,17,0.000057
4,8192,true,18,0.000061
4,8192,true,19,0.000059
4,8192,true,20,0.000061
4,8192,true,21,0.000061
4,8192,true,22,0.000064
4,8192,true,23,0.000066
4,8192,true,24,0.000068
4,8192,true,25,0.000067
4,8192,true,26,0.000066
4,8192,true,27,0.000111
4,8192,true,28,0.000057
4,8192,true,29,0.000063
4,8192,true,30,0.000064
8,8192,true,1,0.000166
8,8192,true,2,0.000158
8,8192,true,3,0.000166
8,8192,true,4,0.000175
8,8192,true,5,0.000165
8,8192,true,6,0.000164
8,8192,true,7,0.000160
8,8192,true,8,0.000170
8,8192,true,9,0.000165
8,8192,true,10,0.000160
8,8192,true,11,0.000155
8,8192,true,12,0.000156
8,8192,true,13,0.000160
8,8192,true,14,0.000158
8,8192,true,15,0.000155
8,8192,true,16,0.000164
8,8192,true,17,0.000177
8,8192,true,18,0.000161
8,8192,true,19,0.000167
8,8192,true,20,0.000165
8,8192,true,21,0.000169
8,8192,true,22,0.000165
8,8192,true,23,0.000159
8,8192,true,24,0.000180
8,8192,true,25,0.000160
8,8192,true,26,0.000170
8,8192,true,27,0.000166
8,8192,true,28,0.000161
8,8192,true,29,0.000170
8,8192,true,30,0.000172
16,8192,true,1,0.000515
16,8192,true,2,0.000425
16,8192,true,3,0.000461
16,8192,true,4,0.000430
16,8192,true,5,0.000418
16,8192,true,6,0.000477
16,8192,true,7,0.000416
16,8192,true,8,0.000407
16,8192,true,9,0.000480
16,8192,true,10,0.000420
16,8192,true,11,0.000426
16,8192,true,12,0.000465
16,8192,true,13,0.000460
16,8192,true,14,0.000394
16,8192,true,15,0.000501
16,8192,true,16,0.000422
16,8192,true,17,0.000418
16,8192,true,18,0.000418
16,8192,true,19,0.000456
16,8192,true,20,0.000397
16,8192,true,21,0.000476
16,8192,true,22,0.000433
16,8192,true,23,0.000512
16,8192,true,24,0.000452
16,8192,true,25,0.000434
16,8192,true,26,0.000418
16,8192,true,27,0.000414
16,8192,true,28,0.000469
16,8192,true,29,0.000432
16,8192,true,30,0.000435
32,8192,true,1,0.001139
32,8192,true,2,0.001460
32,8192,true,3,0.001314
32,8192,true,4,0.001346
32,8192,true,5,0.001293
32,8192,true,6,0.001326
32,8192,true,7,0.001346
32,8192,true,8,0.001257
32,8192,true,9,0.001219
32,8192,true,10,0.001292
32,8192,true,11,0.001238
32,8192,true,12,0.001557
32,8192,true,13,0.001193
32,8192,true,14,0.001653
32,8192,true,15,0.002854
32,8192,true,16,0.001375
32,8192,true,17,0.002036
32,8192,true,18,0.001438
32,8192,true,19,0.001599
32,8192,true,20,0.001457
32,8192,true,21,0.001388
32,8192,true,22,0.001283
32,8192,true,23,0.001349
32,8192,true,24,0.001632
32,8192,true,25,0.010469
32,8192,true,26,0.001576
32,8192,true,27,0.001427
32,8192,true,28,0.001170
32,8192,true,29,0.001238
32,8192,true,30,0.001355
1,16384,true,1,0.000000
1,16384,true,2,0.000000
1,16384,true,3,0.000003
1,16384,true,4,0.000003
1,16384,true,5,0.000003
1,16384,true,6,0.000003
1,16384,true,7,0.000000
1,16384,true,8,0.000000
1,16384,true,9,0.000003
1,16384,true,10,0.000003
1,16384,true,11,0.000000
1,16384,true,12,0.000000
1,16384,true,13,0.000003
1,16384,true,14,0.000000
1,16384,true,15,0.000000
1,16384,true,16,0.000000
1,16384,true,17,0.000000
1,16384,true,18,0.000001
1,16384,true,19,0.000000
1,16384,true,20,0.000000
1,16384,true,21,0.000003
1,16384,true,22,0.000000
1,16384,true,23,0.000000
1,16384,true,24,0.000000
1,16384,true,25,0.000000
1,16384,true,26,0.000000
1,16384,true,27,0.000000
1,16384,true,28,0.000000
1,16384,true,29,0.000000
1,16384,true,30,0.000000
2,16384,true,1,0.000043
2,16384,true,2,0.000043
2,16384,true,3,0.000044
2,16384,true,4,0.000046
2,16384,true,5,0.000051
2,16384,true,6,0.000043
2,16384,true,7,0.000050
2,16384,true,8,0.000047
2,16384,true,9,0.000039
2,16384,true,10,0.000045
2,16384,true,11,0.000046
2,16384,true,12,0.000044
2,16384,true,13,0.000045
2,16384,true,14,0.000042
2,16384,true,15,0.000046
2,16384,true,16,0.000043
2,16384,true,17,0.000045
2,16384,true,18,0.000043
2,16384,true,19,0.000046
2,16384,true,20,0.000042
2,16384,true,21,0.000044
2,16384,true,22,0.000044
2,16384,true,23,0.000041
2,16384,true,24,0.000043
2,16384,true,25,0.000045
2,16384,true,26,0.000049
2,16384,true,27,0.000042
2,16384,true,28,0.000045
2,16384,true,29,0.000047
2,16384,true,30,0.000045
4,16384,true,1,0.000113
4,16384,true,2,0.000096
4,16384,true,3,0.000103
4,16384,true,4,0.000089
4,16384,true,5,0.000105
4,16384,true,6,0.000100
4,16384,true,7,0.000112
4,16384,true,8,0.000097
4,16384,true,9,0.000101
4,16384,true,10,0.000102
4,16384,true,11,0.000096
4,16384,true,12,0.000108
4,16384,true,13,0.000102
4,16384,true,14,0.000094
4,16384,true,15,0.000096
4,16384,true,16,0.000092
4,16384,true,17,0.000101
4,16384,true,18,0.000114
4,16384,true,19,0.000108
4,16384,true,20,0.000096
4,16384,true,21,0.000097
4,16384,true,22,0.000090
4,16384,true,23,0.000100
4,16384,true,24,0.000107
4,16384,true,25,0.000092
4,16384,true,26,0.000092
4,16384,true,27,0.000110
4,16384,true,28,0.000103
4,16384,true,29,0.000105
4,16384,true,30,0.000106
8,16384,true,1,0.000242
8,16384,true,2,0.000269
8,16384,true,3,0.000261
8,16384,true,4,0.000243
8,16384,true,5,0.000248
8,16384,true,6,0.000245
8,16384,true,7,0.000262
8,16384,true,8,0.000237
8,16384,true,9,0.000259
8,16384,true,10,0.000252
8,16384,true,11,0.000258
8,16384,true,12,0.000251
8,16384,true,13,0.000259
8,16384,true,14,0.000264
8,16384,true,15,0.000240
8,16384,true,16,0.000266
8,16384,true,17,0.000277
8,16384,true,18,0.000241
8,16384,true,19,0.000256
8,16384,true,20,0.000255
8,16384,true,21,0.000246
8,16384,true,22,0.000253
8,16384,true,23,0.000268
8,16384,true,24,0.000259
8,16384,true,25,0.000262
8,16384,true,26,0.000240
8,16384,true,27,0.000247
8,16384,true,28,0.000254
8,16384,true,29,0.000256
8,16384,true,30,0.000251
16,16384,true,1,0.000677
16,16384,true,2,0.000650
16,16384,true,3,0.000643
16,16384,true,4,0.000722
16,16384,true,5,0.000662
16,16384,true,6,0.000677
16,16384,true,7,0.000679
16,16384,true,8,0.000659
16,16384,true,9,0.000603
16,16384,true,10,0.000614
16,16384,true,11,0.000628
16,16384,true,12,0.000711
16,16384,true,13,0.000673
16,16384,true,14,0.000629
16,16384,true,15,0.000630
16,16384,true,16,0.000672
16,16384,true,17,0.000620
16,16384,true,18,0.000658
16,16384,true,19,0.000609
16,16384,true,20,0.000668
16,16384,true,21,0.000654
16,16384,true,22,0.000669
16,16384,true,23,0.000696
16,16384,true,24,0.001154
16,16384,true,25,0.000691
16,16384,true,26,0.000613
16,16384,true,27,0.000640
16,16384,true,28,0.000692
16,16384,true,29,0.000611
16,16384,true,30,0.000637
32,16384,true,1,0.001742
32,16384,true,2,0.001766
32,16384,true,3,0.001893
32,16384,true,4,0.002037
32,16384,true,5,0.001855
32,16384,true,6,0.001683
32,16384,true,7,0.002047
32,16384,true,8,0.001874
32,16384,true,9,0.001790
32,16384,true,10,0.001771
32,16384,true,11,0.001598
32,16384,true,12,0.002836
32,16384,true,13,0.001758
32,16384,true,14,0.001667
32,16384,true,15,0.001888
32,16384,true,16,0.001844
32,16384,true,17,0.001835
32,16384,true,18,0.001786
32,16384,true,19,0.001793
32,16384,true,20,0.001706
32,16384,true,21,0.001618
32,16384,true,22,0.001777
32,16384,true,23,0.001821
32,16384,true,24,0.001712
32,16384,true,25,0.001706
32,16384,true,26,0.002027
32,16384,true,27,0.001604
32,16384,true,28,0.001836
32,16384,true,29,0.001833
32,16384,true,30,0.001672
1,32768,true,1,0.000000
1,32768,true,2,0.000000
1,32768,true,3,0.000000
1,32768,true,4,0.000000
1,32768,true,5,0.000000
1,32768,true,6,0.000000
1,32768,true,7,0.000000
1,32768,true,8,0.000000
1,32768,true,9,0.000000
1,32768,true,10,0.000000
1,32768,true,11,0.000000
1,32768,true,12,0.000000
1,32768,true,13,0.000000
1,32768,true,14,0.000000
1,32768,true,15,0.000000
1,32768,true,16,0.000000
1,32768,true,17,0.000000
1,32768,true,18,0.000000
1,32768,true,19,0.000000
1,32768,true,20,0.000000
1,32768,true,21,0.000000
1,32768,true,22,0.000000
1,32768,true,23,0.000000
1,32768,true,24,0.000000
1,32768,true,25,0.000000
1,32768,true,26,0.000003
1,32768,true,27,0.000000
1,32768,true,28,0.000000
1,32768,true,29,0.000003
1,32768,true,30,0.000000
2,32768,true,1,0.000072
2,32768,true,2,0.000078
2,32768,true,3,0.000063
2,32768,true,4,0.000058
2,32768,true,5,0.000061
2,32768,true,6,0.000059
2,32768,true,7,0.000061
2,32768,true,8,0.000064
2,32768,true,9,0.000066
2,32768,true,10,0.000064
2,32768,true,11,0.000061
2,32768,true,12,0.000065
2,32768,true,13,0.000063
2,32768,true,14,0.000062
2,32768,true,15,0.000061
2,32768,true,16,0.000061
2,32768,true,17,0.000061
2,32768,true,18,0.000061
2,32768,true,19,0.000062
2,32768,true,20,0.000064
2,32768,true,21,0.000061
2,32768,true,22,0.000062
2,32768,true,23,0.000062
2,32768,true,24,0.000061
2,32768,true,25,0.000063
2,32768,true,26,0.000059
2,32768,true,27,0.000063
2,32768,true,28,0.000063
2,32768,true,29,0.000064
2,32768,true,30,0.000060
4,32768,true,1,0.000132
4,32768,true,2,0.000153
4,32768,true,3,0.000134
4,32768,true,4,0.000138
4,32768,true,5,0.000169
4,32768,true,6,0.000141
4,32768,true,7,0.000168
4,32768,true,8,0.000157
4,32768,true,9,0.000134
4,32768,true,10,0.000134
4,32768,true,11,0.000140
4,32768,true,12,0.000152
4,32768,true,13,0.000159
4,32768,true,14,0.000146
4,32768,true,15,0.000170
4,32768,true,16,0.000146
4,32768,true,17,0.000139
4,32768,true,18,0.000139
4,32768,true,19,0.000135
4,32768,true,20,0.000160
4,32768,true,21,0.000158
4,32768,true,22,0.000141
4,32768,true,23,0.000159
4,32768,true,24,0.000163
4,32768,true,25,0.000155
4,32768,true,26,0.000140
4,32768,true,27,0.000137
4,32768,true,28,0.000159
4,32768,true,29,0.000140
4,32768,true,30,0.000143
8,32768,true,1,0.000369
8,32768,true,2,0.000389
8,32768,true,3,0.000394
8,32768,true,4,0.000392
8,32768,true,5,0.000359
8,32768,true,6,0.000365
8,32768,true,7,0.000394
8,32768,true,8,0.000370
8,32768,true,9,0.000388
8,32768,true,10,0.000384
8,32768,true,11,0.000363
8,32768,true,12,0.000370
8,32768,true,13,0.000393
8,32768,true,14,0.000396
8,32768,true,15,0.000369
8,32768,true,16,0.000381
8,32768,true,17,0.000384
8,32768,true,18,0.000377
8,32768,true,19,0.000364
8,32768,true,20,0.000398
8,32768,true,21,0.000393
8,32768,true,22,0.000370
8,32768,true,23,0.000371
8,32768,true,24,0.000379
8,32768,true,25,0.000390
8,32768,true,26,0.000393
8,32768,true,27,0.000382
8,32768,true,28,0.000400
8,32768,true,29,0.000369
8,32768,true,30,0.000399
16,32768,true,1,0.001018
16,32768,true,2,0.000960
16,32768,true,3,0.000980
16,32768,true,4,0.000951
16,32768,true,5,0.000951
16,32768,true,6,0.001076
16,32768,true,7,0.000984
16,32768,true,8,0.000998
16,32768,true,9,0.000945
16,32768,true,10,0.000941
16,32768,true,11,0.001030
16,32768,true,12,0.001018
16,32768,true,13,0.001028
16,32768,true,14,0.001155
16,32768,true,15,0.001075
16,32768,true,16,0.000959
16,32768,true,17,0.000964
16,32768,true,18,0.001056
16,32768,true,19,0.000965
16,32768,true,20,0.000935
16,32768,true,21,0.000932
16,32768,true,22,0.001022
16,32768,true,23,0.000944
16,32768,true,24,0.000941
16,32768,true,25,0.001004
16,32768,true,26,0.000945
16,32768,true,27,0.000958
16,32768,true,28,0.001037
16,32768,true,29,0.000963
16,32768,true,30,0.000993
32,32768,true,1,0.002640
32,32768,true,2,0.002645
32,32768,true,3,0.002727
32,32768,true,4,0.003305
32,32768,true,5,0.002917
32,32768,true,6,0.002523
32,32768,true,7,0.002666
32,32768,true,8,0.002537
32,32768,true,9,0.002656
32,32768,true,10,0.002683
32,32768,true,11,0.002624
32,32768,true,12,0.002550
32,32768,true,13,0.002972
32,32768,true,14,0.002535
32,32768,true,15,0.002544
32,32768,true,16,0.003336
32,32768,true,17,0.002407
32,32768,true,18,0.002571
32,32768,true,19,0.002691
32,32768,true,20,0.002557
32,32768,true,21,0.002476
32,32768,true,22,0.002665
32,32768,true,23,0.007764
32,32768,true,24,0.002642
32,32768,true,25,0.002637
32,32768,true,26,0.003053
32,32768,true,27,0.002805
32,32768,true,28,0.002649
32,32768,true,29,0.002543
32,32768,true,30,0.003001
1,65536,true,1,0.000000
1,65536,true,2,0.000000
1,65536,true,3,0.000004
1,65536,true,4,0.000000
1,65536,true,5,0.000000
1,65536,true,6,0.000000
1,65536,true,7,0.000000
1,65536,true,8,0.000001
1,65536,true,9,0.000000
1,65536,true,10,0.000000
1,65536,true,11,0.000000
1,65536,true,12,0.000000
1,65536,true,13,0.000000
1,65536,true,14,0.000000
1,65536,true,15,0.000000
1,65536,true,16,0.000000
1,65536,true,17,0.000000
1,65536,true,18,0.000000
1,65536,true,19,0.000000
1,65536,true,20,0.000000
1,65536,true,21,0.000000
1,65536,true,22,0.000000
1,65536,true,23,0.000000
1,65536,true,24,0.000000
1,65536,true,25,0.000000
1,65536,true,26,0.000000
1,65536,true,27,0.000000
1,65536,true,28,0.000000
1,65536,true,29,0.000003
1,65536,true,30,0.000000
2,65536,true,1,0.000107
2,65536,true,2,0.000103
2,65536,true,3,0.000104
2,65536,true,4,0.000102
2,65536,true,5,0.000107
2,65536,true,6,0.000117
2,65536,true,7,0.000102
2,65536,true,8,0.000099
2,65536,true,9,0.000146
2,65536,true,10,0.000133
2,65536,true,11,0.000166
2,65536,true,12,0.000097
2,65536,true,13,0.000102
2,65536,true,14,0.000121
2,65536,true,15,0.000101
2,65536,true,16,0.000097
2,65536,true,17,0.000101
2,65536,true,18,0.000104
2,65536,true,19,0.000097
2,65536,true,20,0.000102
2,65536,true,21,0.000110
2,65536,true,22,0.000115
2,65536,true,23,0.000113
2,65536,true,24,0.000097
2,65536,true,25,0.000102
2,65536,true,26,0.000103
2,65536,true,27,0.000098
2,65536,true,28,0.000103
2,65536,true,29,0.000099
2,65536,true,30,0.000101
4,65536,true,1,0.000242
4,65536,true,2,0.000268
4,65536,true,3,0.000260
4,65536,true,4,0.000237
4,65536,true,5,0.000265
4,65536,true,6,0.000238
4,65536,true,7,0.000296
4,65536,true,8,0.000264
4,65536,true,9,0.000247
4,65536,true,10,0.000270
4,65536,true,11,0.000274
4,65536,true,12,0.000265
4,65536,true,13,0.000265
4,65536,true,14,0.000272
4,65536,true,15,0.000267
4,65536,true,16,0.000240
4,65536,true,17,0.000240
4,65536,true,18,0.000240
4,65536,true,19,0.000241
4,65536,true,20,0.000236
4,65536,true,21,0.000240
4,65536,true,22,0.000280
4,65536,true,23,0.000281
4,65536,true,24,0.000239
4,65536,true,25,0.000235
4,65536,true,26,0.000281
4,65536,true,27,0.000243
4,65536,true,28,0.000279
4,65536,true,29,0.000259
4,65536,true,30,0.000285
8,65536,true,1,0.000622
8,65536,true,2,0.000614
8,65536,true,3,0.000622
8,65536,true,4,0.000633
8,65536,true,5,0.000615
8,65536,true,6,0.000643
8,65536,true,7,0.000642
8,65536,true,8,0.000671
8,65536,true,9,0.000634
8,65536,true,10,0.000631
8,65536,true,11,0.000693
8,65536,true,12,0.000664
8,65536,true,13,0.000683
8,65536,true,14,0.000664
8,65536,true,15,0.000679
8,65536,true,16,0.000644
8,65536,true,17,0.000677
8,65536,true,18,0.000687
8,65536,true,19,0.000663
8,65536,true,20,0.000639
8,65536,true,21,0.000673
8,65536,true,22,0.000683
8,65536,true,23,0.000673
8,65536,true,24,0.000613
8,65536,true,25,0.000617
8,65536,true,26,0.000626
8,65536,true,27,0.000625
8,65536,true,28,0.000690
8,65536,true,29,0.000625
8,65536,true,30,0.000702
16,65536,true,1,0.001627
16,65536,true,2,0.001715
16,65536,true,3,0.001714
16,65536,true,4,0.001649
16,65536,true,5,0.001700
16,65536,true,6,0.001704
16,65536,true,7,0.001714
16,65536,true,8,0.001732
16,65536,true,9,0.001624
16,65536,true,10,0.001631
16,65536,true,11,0.001637
16,65536,true,12,0.001643
16,65536,true,13,0.001683
16,65536,true,14,0.001728
16,65536,true,15,0.001731
16,65536,true,16,0.001685
16,65536,true,17,0.001635
16,65536,true,18,0.001775
16,65536,true,19,0.001639
16,65536,true,20,0.001667
16,65536,true,21,0.001650
16,65536,true,22,0.001629
16,65536,true,23,0.001618
16,65536,true,24,0.001720
16,65536,true,25,0.001703
16,65536,true,26,0.001698
16,65536,true,27,0.001682
16,65536,true,28,0.001703
16,65536,true,29,0.001681
16,65536,true,30,0.001781
32,65536,true,1,0.008058
32,65536,true,2,0.004468
32,65536,true,3,0.004093
32,65536,true,4,0.004924
32,65536,true,5,0.004201
32,65536,true,6,0.004301
32,65536,true,7,0.004101
32,65536,true,8,0.004255
32,65536,true,9,0.004945
32,65536,true,10,0.004346
32,65536,true,11,0.004745
32,65536,true,12,0.004480
32,65536,true,13,0.004492
32,65536,true,14,0.004659
32,65536,true,15,0.006387
32,65536,true,16,0.004358
32,65536,true,17,0.004409
32,65536,true,18,0.004220
32,65536,true,19,0.005366
32,65536,true,20,0.004342
32,65536,true,21,0.004229
32,65536,true,22,0.004629
32,65536,true,23,0.008165
32,65536,true,24,0.004427
32,65536,true,25,0.004077
32,65536,true,26,0.006874
32,65536,true,27,0.004220
32,65536,true,28,0.004156
32,65536,true,29,0.005349
32,65536,true,30,0.004432
1,131072,true,1,0.000003
1,131072,true,2,0.000000
1,131072,true,3,0.000000
1,131072,true,4,0.000000
1,131072,true,5,0.000000
1,131072,true,6,0.000003
1,131072,true,7,0.000000
1,131072,true,8,0.000000
1,131072,true,9,0.000000
1,131072,true,10,0.000000
1,131072,true,11,0.000000
1,131072,true,12,0.000003
1,131072,true,13,0.000000
1,131072,true,14,0.000000
1,131072,true,15,0.000000
1,131072,true,16,0.000000
1,131072,true,17,0.000000
1,131072,true,18,0.000003
1,131072,true,19,0.000000
1,131072,true,20,0.000000
1,131072,true,21,0.000003
1,131072,true,22,0.000000
1,131072,true,23,0.000000
1,131072,true,24,0.000000
1,131072,true,25,0.000003
1,131072,true,26,0.000001
1,131072,true,27,0.000000
1,131072,true,28,0.000003
1,131072,true,29,0.000000
1,131072,true,30,0.000000
2,131072,true,1,0.000182
2,131072,true,2,0.000176
2,131072,true,3,0.000177
2,131072,true,4,0.000184
2,131072,true,5,0.000175
2,131072,true,6,0.000181
2,131072,true,7,0.000195
2,131072,true,8,0.000180
2,131072,true,9,0.000173
2,131072,true,10,0.000177
2,131072,true,11,0.000176
2,131072,true,12,0.000176
2,131072,true,13,0.000175
2,131072,true,14,0.000180
2,131072,true,15,0.000178
2,131072,true,16,0.000184
2,131072,true,17,0.000175
2,131072,true,18,0.000179
2,131072,true,19,0.000178
2,131072,true,20,0.000178
2,131072,true,21,0.000176
2,131072,true,22,0.000177
2,131072,true,23,0.000178
2,131072,true,24,0.000178
2,131072,true,25,0.000177
2,131072,true,26,0.000177
2,131072,true,27,0.000176
2,131072,true,28,0.000177
2,131072,true,29,0.000181
2,131072,true,30,0.000186
4,131072,true,1,0.000440
4,131072,true,2,0.000528
4,131072,true,3,0.000450
4,131072,true,4,0.000440
4,131072,true,5,0.000517
4,131072,true,6,0.000490
4,131072,true,7,0.000419
4,131072,true,8,0.000514
4,131072,true,9,0.000430
4,131072,true,10,0.000438
4,131072,true,11,0.000436
4,131072,true,12,0.000520
4,131072,true,13,0.000435
4,131072,true,14,0.000519
4,131072,true,15,0.000525
4,131072,true,16,0.000487
4,131072,true,17,0.000536
4,131072,true,18,0.000433
4,131072,true,19,0.000434
4,131072,true,20,0.000435
4,131072,true,21,0.000429
4,131072,true,22,0.000476
4,131072,true,23,0.000440
4,131072,true,24,0.000490
4,131072,true,25,0.000535
4,131072,true,26,0.000441
4,131072,true,27,0.000452
4,131072,true,28,0.000437
4,131072,true,29,0.000446
4,131072,true,30,0.000437
8,131072,true,1,0.001273
8,131072,true,2,0.001218
8,131072,true,3,0.001152
8,131072,true,4,0.001227
8,131072,true,5,0.001182
8,131072,true,6,0.001263
8,131072,true,7,0.001227
8,131072,true,8,0.001176
8,131072,true,9,0.001219
8,131072,true,10,0.001139
8,131072,true,11,0.001223
8,131072,true,12,0.001150
8,131072,true,13,0.001133
8,131072,true,14,0.001235
8,131072,true,15,0.001272
8,131072,true,16,0.001249
8,131072,true,17,0.001775
8,131072,true,18,0.001183
8,131072,true,19,0.001227
8,131072,true,20,0.001141
8,131072,true,21,0.001333
8,131072,true,22,0.001253
8,131072,true,23,0.001241
8,131072,true,24,0.001223
8,131072,true,25,0.001256
8,131072,true,26,0.001140
8,131072,true,27,0.001182
8,131072,true,28,0.001275
8,131072,true,29,0.001162
8,131072,true,30,0.001307
16,131072,true,1,0.003097
16,131072,true,2,0.003029
16,131072,true,3,0.003136
16,131072,true,4,0.003144
16,131072,true,5,0.003007
16,131072,true,6,0.003175
16,131072,true,7,0.003040
16,131072,true,8,0.003165
16,131072,true,9,0.003025
16,131072,true,10,0.002991
16,131072,true,11,0.002984
16,131072,true,12,0.003031
16,131072,true,13,0.002992
16,131072,true,14,0.003000
16,131072,true,15,0.003020
16,131072,true,16,0.003109
16,131072,true,17,0.003154
16,131072,true,18,0.003444
16,131072,true,19,0.003085
16,131072,true,20,0.003134
16,131072,true,21,0.003316
16,131072,true,22,0.003158
16,131072,true,23,0.003005
16,131072,true,24,0.003272
16,131072,true,25,0.002970
16,131072,true,26,0.003862
16,131072,true,27,0.003012
16,131072,true,28,0.003020
16,131072,true,29,0.003195
16,131072,true,30,0.003202
32,131072,true,1,0.006842
32,131072,true,2,0.007749
32,131072,true,3,0.008027
32,131072,true,4,0.007454
32,131072,true,5,0.007735
32,131072,true,6,0.007824
32,131072,true,7,0.007873
32,131072,true,8,0.008013
32,131072,true,9,0.016847
32,131072,true,10,0.007336
32,131072,true,11,0.008891
32,131072,true,12,0.007998
32,131072,true,13,0.008132
32,131072,true,14,0.007809
32,131072,true,15,0.007579
32,131072,true,16,0.007938
32,131072,true,17,0.008020
32,131072,true,18,0.012735
32,131072,true,19,0.008027
32,131072,true,20,0.007633
32,131072,true,21,0.008176
32,131072,true,22,0.007761
32,131072,true,23,0.014974
32,131072,true,24,0.007814
32,131072,true,25,0.008513
32,131072,true,26,0.007478
32,131072,true,27,0.008076
32,131072,true,28,0.008055
32,131072,true,29,0.007600
32,131072,true,30,0.010122
1,1024,false,1,0.000000
1,1024,false,2,0.000000
1,1024,false,3,0.000000
1,1024,false,4,0.000000
1,1024,false,5,0.000000
1,1024,false,6,0.000000
1,1024,false,7,0.000000
1,1024,false,8,0.000000
1,1024,false,9,0.000000
1,1024,false,10,0.000000
1,1024,false,11,0.000000
1,1024,false,12,0.000000
1,1024,false,13,0.000000
1,1024,false,14,0.000000
1,1024,false,15,0.000000
1,1024,false,16,0.000000
1,1024,false,17,0.000000
1,1024,false,18,0.000000
1,1024,false,19,0.000000
1,1024,false,20,0.000000
1,1024,false,21,0.000000
1,1024,false,22,0.000000
1,1024,false,23,0.000000
1,1024,false,24,0.000000
1,1024,false,25,0.000000
1,1024,false,26,0.000000
1,1024,false,27,0.000000
1,1024,false,28,0.000000
1,1024,false,29,0.000000
1,1024,false,30,0.000000
2,1024,false,1,0.000019
2,1024,false,2,0.000022
2,1024,false,3,0.000019
2,1024,false,4,0.000023
2,1024,false,5,0.000020
2,1024,false,6,0.000024
2,1024,false,7,0.000020
2,1024,false,8,0.000020
2,1024,false,9,0.000021
2,1024,false,10,0.000021
2,1024,false,11,0.000023
2,1024,false,12,0.000021
2,1024,false,13,0.000022
2,1024,false,14,0.000021
2,1024,false,15,0.000024
2,1024,false,16,0.000023
2,1024,false,17,0.000020
2,1024,false,18,0.000023
2,1024,false,19,0.000022
2,1024,false,20,0.000022
2,1024,false,21,0.000019
2,1024,false,22,0.000024
2,1024,false,23,0.000020
2,1024,false,24,0.000025
2,1024,false,25,0.000020
2,1024,false,26,0.000019
2,1024,false,27,0.000022
2,1024,false,28,0.000020
2,1024,false,29,0.000022
2,1024,false,30,0.000023
4,1024,false,1,0.000033
4,1024,false,2,0.000041
4,1024,false,3,0.000034
4,1024,false,4,0.000037
4,1024,false,5,0.000035
4,1024,false,6,0.000034
4,1024,false,7,0.000042
4,1024,false,8,0.000036
4,1024,false,9,0.000038
4,1024,false,10,0.000038
4,1024,false,11,0.000041
4,1024,false,12,0.000039
4,1024,false,13,0.000037
4,1024,false,14,0.000033
4,1024,false,15,0.000035
4,1024,false,16,0.000039
4,1024,false,17,0.000034
4,1024,false,18,0.000036
4,1024,false,19,0.000043
4,1024,false,20,0.000039
4,1024,false,21,0.000036
4,1024,false,22,0.000036
4,1024,false,23,0.000036
4,1024,false,24,0.000035
4,1024,false,25,0.000037
4,1024,false,26,0.000034
4,1024,false,27,0.000033
4,1024,false,28,0.000035
4,1024,false,29,0.000039
4,1024,false,30,0.000032
8,1024,false,1,0.000051
8,1024,false,2,0.000055
8,1024,false,3,0.000044
8,1024,false,4,0.000053
8,1024,false,5,0.000048
8,1024,false,6,0.000045
8,1024,false,7,0.000047
8,1024,false,8,0.000048
8,1024,false,9,0.000049
8,1024,false,10,0.000045
8,1024,false,11,0.000050
8,1024,false,12,0.000050
8,1024,false,13,0.000045
8,1024,false,14,0.000045
8,1024,false,15,0.000045
8,1024,false,16,0.000041
8,1024,false,17,0.000047
8,1024,false,18,0.000057
8,1024,false,19,0.000047
8,1024,false,20,0.000047
8,1024,false,21,0.000045
8,1024,false,22,0.000047
8,1024,false,23,0.000043
8,1024,false,24,0.000055
8,1024,false,25,0.000049
8,1024,false,26,0.000047
8,1024,false,27,0.000051
8,1024,false,28,0.000047
8,1024,false,29,0.000050
8,1024,false,30,0.000050
16,1024,false,1,0.000081
16,1024,false,2,0.000113
16,1024,false,3,0.000204
16,1024,false,4,0.000108
16,1024,false,5,0.000109
16,1024,false,6,0.000228
16,1024,false,7,0.000082
16,1024,false,8,0.000114
16,1024,false,9,0.000101
16,1024,false,10,0.000119
16,1024,false,11,0.000115
16,1024,false,12,0.000129
16,1024,false,13,0.000120
16,1024,false,14,0.000730
16,1024,false,15,0.000150
16,1024,false,16,0.000171
16,1024,false,17,0.000086
16,1024,false,18,0.000136
16,1024,false,19,0.000088
16,1024,false,20,0.000138
16,1024,false,21,0.000110
16,1024,false,22,0.000120
16,1024,false,23,0.000128
16,1024,false,24,0.000094
16,1024,false,25,0.000099
16,1024,false,26,0.000122
16,1024,false,27,0.000087
16,1024,false,28,0.000139
16,1024,false,29,0.000147
16,1024,false,30,0.000096
32,1024,false,1,0.000307
32,1024,false,2,0.000855
32,1024,false,3,0.001666
32,1024,false,4,0.000470
32,1024,false,5,0.000523
32,1024,false,6,0.000490
32,1024,false,7,0.000367
32,1024,false,8,0.000867
32,1024,false,9,0.000425
32,1024,false,10,0.000386
32,1024,false,11,0.000470
32,1024,false,12,0.000447
32,1024,false,13,0.000471
32,1024,false,14,0.000449
32,1024,false,15,0.000400
32,1024,false,16,0.000755
32,1024,false,17,0.000897
32,1024,false,18,0.000536
32,1024,false,19,0.003750
32,1024,false,20,0.000385
32,1024,false,21,0.000461
32,1024,false,22,0.000217
32,1024,false,23,0.000434
32,1024,false,24,0.000495
32,1024,false,25,0.000524
32,1024,false,26,0.000367
32,1024,false,27,0.000645
32,1024,false,28,0.000530
32,1024,false,29,0.000376
32,1024,false,30,0.000562
1,2048,false,1,0.000000
1,2048,false,2,0.000000
1,2048,false,3,0.000000
1,2048,false,4,0.000000
1,2048,false,5,0.000000
1,2048,false,6,0.000000
1,2048,false,7,0.000000
1,2048,false,8,0.000000
1,2048,false,9,0.000000
1,2048,false,10,0.000000
1,2048,false,11,0.000000
1,2048,false,12,0.000000
1,2048,false,13,0.000000
1,2048,false,14,0.000000
1,2048,false,15,0.000000
1,2048,false,16,0.000000
1,2048,false,17,0.000000
1,2048,false,18,0.000000
1,2048,false,19,0.000000
1,2048,false,20,0.000000
1,2048,false,21,0.000000
1,2048,false,22,0.000000
1,2048,false,23,0.000000
1,2048,false,24,0.000000
1,2048,false,25,0.000000
1,2048,false,26,0.000000
1,2048,false,27,0.000000
1,2048,false,28,0.000000
1,2048,false,29,0.000000
1,2048,false,30,0.000000
2,2048,false,1,0.000026
2,2048,false,2,0.000024
2,2048,false,3,0.000025
2,2048,false,4,0.000024
2,2048,false,5,0.000027
2,2048,false,6,0.000023
2,2048,false,7,0.000027
2,2048,false,8,0.000025
2,2048,false,9,0.000024
2,2048,false,10,0.000026
2,2048,false,11,0.000026
2,2048,false,12,0.000024
2,2048,false,13,0.000027
2,2048,false,14,0.000025
2,2048,false,15,0.000026
2,2048,false,16,0.000026
2,2048,false,17,0.000022
2,2048,false,18,0.000024
2,2048,false,19,0.000021
2,2048,false,20,0.000027
2,2048,false,21,0.000022
2,2048,false,22,0.000024
2,2048,false,23,0.000023
2,2048,false,24,0.000026
2,2048,false,25,0.000028
2,2048,false,26,0.000026
2,2048,false,27,0.000024
2,2048,false,28,0.000024
2,2048,false,29,0.000021
2,2048,false,30,0.000024
4,2048,false,1,0.000026
4,2048,false,2,0.000028
4,2048,false,3,0.000028
4,2048,false,4,0.000027
4,2048,false,5,0.000026
4,2048,false,6,0.000023
4,2048,false,7,0.000029
4,2048,false,8,0.000024
4,2048,false,9,0.000028
4,2048,false,10,0.000024
4,2048,false,11,0.000023
4,2048,false,12,0.000026
4,2048,false,13,0.000026
4,2048,false,14,0.000023
4,2048,false,15,0.000025
4,2048,false,16,0.000024
4,2048,false,17,0.000023
4,2048,false,18,0.000024
4,2048,false,19,0.000025
4,2048,false,20,0.000026
4,2048,false,21,0.000037
4,2048,false,22,0.000025
4,2048,false,23,0.000030
4,2048,false,24,0.000024
4,2048,false,25,0.000024
4,2048,false,26,0.000029
4,2048,false,27,0.000027
4,2048,false,28,0.000026
4,2048,false,29,0.000024
4,2048,false,30,0.000026
8,2048,false,1,0.000059
8,2048,false,2,0.000058
8,2048,false,3,0.000052
8,2048,false,4,0.000062
8,2048,false,5,0.000056
8,2048,false,6,0.000053
8,2048,false,7,0.000050
8,2048,false,8,0.000055
8,2048,false,9,0.000063
8,2048,false,10,0.000053
8,2048,false,11,0.000062
8,2048,false,12,0.000056
8,2048,false,13,0.000061
8,2048,false,14,0.000061
8,2048,false,15,0.000054
8,2048,false,16,0.000054
8,2048,false,17,0.000057
8,2048,false,18,0.000055
8,2048,false,19,0.000087
8,2048,false,20,0.000060
8,2048,false,21,0.000057
8,2048,false,22,0.000055
8,2048,false,23,0.000052
8,2048,false,24,0.000059
8,2048,false,25,0.000059
8,2048,false,26,0.000058
8,2048,false,27,0.000055
8,2048,false,28,0.000053
8,2048,false,29,0.000056
8,2048,false,30,0.000057
16,2048,false,1,0.000100
16,2048,false,2,0.000100
16,2048,false,3,0.000120
16,2048,false,4,0.000093
16,2048,false,5,0.000102
16,2048,false,6,0.000103
16,2048,false,7,0.000136
16,2048,false,8,0.000135
16,2048,false,9,0.000087
16,2048,false,10,0.000127
16,2048,false,11,0.000122
16,2048,false,12,0.000159
16,2048,false,13,0.000122
16,2048,false,14,0.000105
16,2048,false,15,0.000086
16,2048,false,16,0.000183
16,2048,false,17,0.000152
16,2048,false,18,0.000111
16,2048,false,19,0.000118
16,2048,false,20,0.000078
16,2048,false,21,0.000101
16,2048,false,22,0.000134
16,2048,false,23,0.000094
16,2048,false,24,0.000114
16,2048,false,25,0.000101
16,2048,false,26,0.000159
16,2048,false,27,0.000132
16,2048,false,28,0.000082
16,2048,false,29,0.000079
16,2048,false,30,0.000132
32,2048,false,1,0.000491
32,2048,false,2,0.000536
32,2048,false,3,0.000422
32,2048,false,4,0.000360
32,2048,false,5,0.000463
32,2048,false,6,0.000555
32,2048,false,7,0.000477
32,2048,false,8,0.001233
32,2048,false,9,0.000535
32,2048,false,10,0.000708
32,2048,false,11,0.000647
32,2048,false,12,0.000432
32,2048,false,13,0.000461
32,2048,false,14,0.000745
32,2048,false,15,0.000342
32,2048,false,16,0.000419
32,2048,false,17,0.002405
32,2048,false,18,0.000483
32,2048,false,19,0.000435
32,2048,false,20,0.000362
32,2048,false,21,0.000394
32,2048,false,22,0.000238
32,2048,false,23,0.001240
32,2048,false,24,0.000584
32,2048,false,25,0.000427
32,2048,false,26,0.000370
32,2048,false,27,0.000570
32,2048,false,28,0.000444
32,2048,false,29,0.000400
32,2048,false,30,0.000554
1,4096,false,1,0.000000
1,4096,false,2,0.000000
1,4096,false,3,0.000000
1,4096,false,4,0.000000
1,4096,false,5,0.000000
1,4096,false,6,0.000000
1,4096,false,7,0.000000
1,4096,false,8,0.000000
1,4096,false,9,0.000000
1,4096,false,10,0.000000
1,4096,false,11,0.000000
1,4096,false,12,0.000000
1,4096,false,13,0.000000
1,4096,false,14,0.000000
1,4096,false,15,0.000000
1,4096,false,16,0.000000
1,4096,false,17,0.000000
1,4096,false,18,0.000000
1,4096,false,19,0.000001
1,4096,false,20,0.000000
1,4096,false,21,0.000000
1,4096,false,22,0.000000
1,4096,false,23,0.000000
1,4096,false,24,0.000000
1,4096,false,25,0.000000
1,4096,false,26,0.000000
1,4096,false,27,0.000000
1,4096,false,28,0.000000
1,4096,false,29,0.000000
1,4096,false,30,0.000000
2,4096,false,1,0.000027
2,4096,false,2,0.000025
2,4096,false,3,0.000025
2,4096,false,4,0.000031
2,4096,false,5,0.000028
2,4096,false,6,0.000027
2,4096,false,7,0.000025
2,4096,false,8,0.000029
2,4096,false,9,0.000031
2,4096,false,10,0.000025
2,4096,false,11,0.000029
2,4096,false,12,0.000026
2,4096,false,13,0.000028
2,4096,false,14,0.000025
2,4096,false,15,0.000029
2,4096,false,16,0.000025
2,4096,false,17,0.000028
2,4096,false,18,0.000028
2,4096,false,19,0.000027
2,4096,false,20,0.000027
2,4096,false,21,0.000026
2,4096,false,22,0.000025
2,4096,false,23,0.000027
2,4096,false,24,0.000026
2,4096,false,25,0.000025
2,4096,false,26,0.000025
2,4096,false,27,0.000031
2,4096,false,28,0.000025
2,4096,false,29,0.000027
2,4096,false,30,0.000025
4,4096,false,1,0.000030
4,4096,false,2,0.000027
4,4096,false,3,0.000028
4,4096,false,4,0.000028
4,4096,false,5,0.000027
4,4096,false,6,0.000031
4,4096,false,7,0.000028
4,4096,false,8,0.000027
4,4096,false,9,0.000032
4,4096,false,10,0.000028
4,4096,false,11,0.000026
4,4096,false,12,0.000033
4,4096,false,13,0.000028
4,4096,false,14,0.000027
4,4096,false,15,0.000027
4,4096,false,16,0.000029
4,4096,false,17,0.000030
4,4096,false,18,0.000027
4,4096,false,19,0.000026
4,4096,false,20,0.000028
4,4096,false,21,0.000030
4,4096,false,22,0.000032
4,4096,false,23,0.000031
4,4096,false,24,0.000027
4,4096,false,25,0.000030
4,4096,false,26,0.000031
4,4096,false,27,0.000027
4,4096,false,28,0.000030
4,4096,false,29,0.000028
4,4096,false,30,0.000027
8,4096,false,1,0.000059
8,4096,false,2,0.000068
8,4096,false,3,0.000071
8,4096,false,4,0.000059
8,4096,false,5,0.000062
8,4096,false,6,0.000070
8,4096,false,7,0.000065
8,4096,false,8,0.000067
8,4096,false,9,0.000064
8,4096,false,10,0.000055
8,4096,false,11,0.000068
8,4096,false,12,0.000063
8,4096,false,13,0.000061
8,4096,false,14,0.000064
8,4096,false,15,0.000067
8,4096,false,16,0.000063
8,4096,false,17,0.000067
8,4096,false,18,0.000066
8,4096,false,19,0.000061
8,4096,false,20,0.000071
8,4096,false,21,0.000065
8,4096,false,22,0.000070
8,4096,false,23,0.000066
8,4096,false,24,0.000063
8,4096,false,25,0.000061
8,4096,false,26,0.000069
8,4096,false,27,0.000063
8,4096,false,28,0.000064
8,4096,false,29,0.000066
8,4096,false,30,0.000068
16,4096,false,1,0.000156
16,4096,false,2,0.000152
16,4096,false,3,0.000106
16,4096,false,4,0.002966
16,4096,false,5,0.000158
16,4096,false,6,0.000140
16,4096,false,7,0.000093
16,4096,false,8,0.000119
16,4096,false,9,0.000118
16,4096,false,10,0.000137
16,4096,false,11,0.000212
16,4096,false,12,0.000164
16,4096,false,13,0.000111
16,4096,false,14,0.000105
16,4096,false,15,0.000186
16,4096,false,16,0.000096
16,4096,false,17,0.000146
16,4096,false,18,0.000146
16,4096,false,19,0.000100
16,4096,false,20,0.000105
16,4096,false,21,0.000362
16,4096,false,22,0.000121
16,4096,false,23,0.000133
16,4096,false,24,0.000112
16,4096,false,25,0.000145
16,4096,false,26,0.000107
16,4096,false,27,0.000140
16,4096,false,28,0.000150
16,4096,false,29,0.000097
16,4096,false,30,0.000164
32,4096,false,1,0.002584
32,4096,false,2,0.000525
32,4096,false,3,0.000422
32,4096,false,4,0.000519
32,4096,false,5,0.000378
32,4096,false,6,0.000521
32,4096,false,7,0.000411
32,4096,false,8,0.000703
32,4096,false,9,0.000475
32,4096,false,10,0.000455
32,4096,false,11,0.000436
32,4096,false,12,0.000440
32,4096,false,13,0.000480
32,4096,false,14,0.000556
32,4096,false,15,0.000613
32,4096,false,16,0.000396
32,4096,false,17,0.000717
32,4096,false,18,0.000699
32,4096,false,19,0.000455
32,4096,false,20,0.000510
32,4096,false,21,0.000415
32,4096,false,22,0.000683
32,4096,false,23,0.000196
32,4096,false,24,0.000779
32,4096,false,25,0.000334
32,4096,false,26,0.000324
32,4096,false,27,0.000925
32,4096,false,28,0.000459
32,4096,false,29,0.000634
32,4096,false,30,0.000268
1,8192,false,1,0.000000
1,8192,false,2,0.000000
1,8192,false,3,0.000000
1,8192,false,4,0.000000
1,8192,false,5,0.000000
1,8192,false,6,0.000000
1,8192,false,7,0.000000
1,8192,false,8,0.000000
1,8192,false,9,0.000000
1,8192,false,10,0.000000
1,8192,false,11,0.000000
1,8192,false,12,0.000000
1,8192,false,13,0.000000
1,8192,false,14,0.000000
1,8192,false,15,0.000000
1,8192,false,16,0.000000
1,8192,false,17,0.000000
1,8192,false,18,0.000000
1,8192,false,19,0.000000
1,8192,false,20,0.000000
1,8192,false,21,0.000000
1,8192,false,22,0.000000
1,8192,false,23,0.000000
1,8192,false,24,0.000000
1,8192,false,25,0.000000
1,8192,false,26,0.000000
1,8192,false,27,0.000000
1,8192,false,28,0.000000
1,8192,false,29,0.000000
1,8192,false,30,0.000000
2,8192,false,1,0.000033
2,8192,false,2,0.000035
2,8192,false,3,0.000033
2,8192,false,4,0.000033
2,8192,false,5,0.000033
2,8192,false,6,0.000034
2,8192,false,7,0.000032
2,8192,false,8,0.000036
2,8192,false,9,0.000035
2,8192,false,10,0.000032
2,8192,false,11,0.000038
2,8192,false,12,0.000033
2,8192,false,13,0.000036
2,8192,false,14,0.000035
2,8192,false,15,0.000032
2,8192,false,16,0.000033
2,8192,false,17,0.000035
2,8192,false,18,0.000041
2,8192,false,19,0.000035
2,8192,false,20,0.000036
2,8192,false,21,0.000034
2,8192,false,22,0.000033
2,8192,false,23,0.000033
2,8192,false,24,0.000039
2,8192,false,25,0.000033
2,8192,false,26,0.000033
2,8192,false,27,0.000033
2,8192,false,28,0.000035
2,8192,false,29,0.000034
2,8192,false,30,0.000036
4,8192,false,1,0.000035
4,8192,false,2,0.000039
4,8192,false,3,0.000041
4,8192,false,4,0.000040
4,8192,false,5,0.000038
4,8192,false,6,0.000036
4,8192,false,7,0.000040
4,8192,false,8,0.000034
4,8192,false,9,0.000035
4,8192,false,10,0.000033
4,8192,false,11,0.000035
4,8192,false,12,0.000036
4,8192,false,13,0.000034
4,8192,false,14,0.000044
4,8192,false,15,0.000037
4,8192,false,16,0.000034
4,8192,false,17,0.000084
4,8192,false,18,0.000034
4,8192,false,19,0.000032
4,8192,false,20,0.000034
4,8192,false,21,0.000038
4,8192,false,22,0.000038
4,8192,false,23,0.000036
4,8192,false,24,0.000037
4,8192,false,25,0.000037
4,8192,false,26,0.000035
4,8192,false,27,0.000037
4,8192,false,28,0.000036
4,8192,false,29,0.000035
4,8192,false,30,0.000035
8,8192,false,1,0.000094
8,8192,false,2,0.000098
8,8192,false,3,0.000098
8,8192,false,4,0.000113
8,8192,false,5,0.000095
8,8192,false,6,0.000099
8,8192,false,7,0.000107
8,8192,false,8,0.000084
8,8192,false,9,0.000091
8,8192,false,10,0.000071
8,8192,false,11,0.000103
8,8192,false,12,0.000109
8,8192,false,13,0.000080
8,8192,false,14,0.000098
8,8192,false,15,0.000089
8,8192,false,16,0.000083
8,8192,false,17,0.000077
8,8192,false,18,0.000096
8,8192,false,19,0.000110
8,8192,false,20,0.000106
8,8192,false,21,0.000097
8,8192,false,22,0.000081
8,8192,false,23,0.000083
8,8192,false,24,0.000102
8,8192,false,25,0.000105
8,8192,false,26,0.000105
8,8192,false,27,0.000109
8,8192,false,28,0.000085
8,8192,false,29,0.000084
8,8192,false,30,0.000101
16,8192,false,1,0.000205
16,8192,false,2,0.000203
16,8192,false,3,0.000145
16,8192,false,4,0.000158
16,8192,false,5,0.000175
16,8192,false,6,0.000172
16,8192,false,7,0.000139
16,8192,false,8,0.000158
16,8192,false,9,0.000197
16,8192,false,10,0.000185
16,8192,false,11,0.000210
16,8192,false,12,0.000183
16,8192,false,13,0.000183
16,8192,false,14,0.000152
16,8192,false,15,0.000174
16,8192,false,16,0.000181
16,8192,false,17,0.000128
16,8192,false,18,0.000179
16,8192,false,19,0.000217
16,8192,false,20,0.000186
16,8192,false,21,0.000198
16,8192,false,22,0.000156
16,8192,false,23,0.000203
16,8192,false,24,0.000182
16,8192,false,25,0.000244
16,8192,false,26,0.000148
16,8192,false,27,0.000131
16,8192,false,28,0.000206
16,8192,false,29,0.000158
16,8192,false,30,0.001080
32,8192,false,1,0.001150
32,8192,false,2,0.000576
32,8192,false,3,0.000644
32,8192,false,4,0.000627
32,8192,false,5,0.000483
32,8192,false,6,0.000462
32,8192,false,7,0.000551
32,8192,false,8,0.000982
32,8192,false,9,0.004368
32,8192,false,10,0.000436
32,8192,false,11,0.000439
32,8192,false,12,0.000335
32,8192,false,13,0.000492
32,8192,false,14,0.000806
32,8192,false,15,0.000660
32,8192,false,16,0.000720
32,8192,false,17,0.000565
32,8192,false,18,0.000839
32,8192,false,19,0.000508
32,8192,false,20,0.000384
32,8192,false,21,0.000274
32,8192,false,22,0.000696
32,8192,false,23,0.000559
32,8192,false,24,0.000736
32,8192,false,25,0.000432
32,8192,false,26,0.000446
32,8192,false,27,0.000638
32,8192,false,28,0.000572
32,8192,false,29,0.000393
32,8192,false,30,0.000774
1,16384,false,1,0.000000
1,16384,false,2,0.000000
1,16384,false,3,0.000000
1,16384,false,4,0.000000
1,16384,false,5,0.000000
1,16384,false,6,0.000000
1,16384,false,7,0.000000
1,16384,false,8,0.000000
1,16384,false,9,0.000000
1,16384,false,10,0.000000
1,16384,false,11,0.000000
1,16384,false,12,0.000000
1,16384,false,13,0.000000
1,16384,false,14,0.000000
1,16384,false,15,0.000000
1,16384,false,16,0.000000
1,16384,false,17,0.000000
1,16384,false,18,0.000000
1,16384,false,19,0.000000
1,16384,false,20,0.000000
1,16384,false,21,0.000000
1,16384,false,22,0.000000
1,16384,false,23,0.000000
1,16384,false,24,0.000000
1,16384,false,25,0.000000
1,16384,false,26,0.000000
1,16384,false,27,0.000000
1,16384,false,28,0.000000
1,16384,false,29,0.000000
1,16384,false,30,0.000000
2,16384,false,1,0.000048
2,16384,false,2,0.000045
2,16384,false,3,0.000047
2,16384,false,4,0.000045
2,16384,false,5,0.000048
2,16384,false,6,0.000045
2,16384,false,7,0.000043
2,16384,false,8,0.000043
2,16384,false,9,0.000045
2,16384,false,10,0.000048
2,16384,false,11,0.000048
2,16384,false,12,0.000044
2,16384,false,13,0.000056
2,16384,false,14,0.000049
2,16384,false,15,0.000044
2,16384,false,16,0.000049
2,16384,false,17,0.000044
2,16384,false,18,0.000048
2,16384,false,19,0.000045
2,16384,false,20,0.000045
2,16384,false,21,0.000047
2,16384,false,22,0.000046
2,16384,false,23,0.000044
2,16384,false,24,0.000044
2,16384,false,25,0.000046
2,16384,false,26,0.000044
2,16384,false,27,0.000049
2,16384,false,28,0.000046
2,16384,false,29,0.000046
2,16384,false,30,0.000046
4,16384,false,1,0.000058
4,16384,false,2,0.000051
4,16384,false,3,0.000053
4,16384,false,4,0.000058
4,16384,false,5,0.000054
4,16384,false,6,0.000053
4,16384,false,7,0.000055
4,16384,false,8,0.000055
4,16384,false,9,0.000051
4,16384,false,10,0.000051
4,16384,false,11,0.000056
4,16384,false,12,0.000055
4,16384,false,13,0.000051
4,16384,false,14,0.000058
4,16384,false,15,0.000052
4,16384,false,16,0.000048
4,16384,false,17,0.000050
4,16384,false,18,0.000051
4,16384,false,19,0.000050
4,16384,false,20,0.000047
4,16384,false,21,0.000047
4,16384,false,22,0.000054
4,16384,false,23,0.000052
4,16384,false,24,0.000050
4,16384,false,25,0.000058
4,16384,false,26,0.000053
4,16384,false,27,0.000053
4,16384,false,28,0.000057
4,16384,false,29,0.000054
4,16384,false,30,0.000056
8,16384,false,1,0.000101
8,16384,false,2,0.000110
8,16384,false,3,0.000124
8,16384,false,4,0.000106
8,16384,false,5,0.000121
8,16384,false,6,0.000115
8,16384,false,7,0.000111
8,16384,false,8,0.000119
8,16384,false,9,0.000104
8,16384,false,10,0.000119
8,16384,false,11,0.000113
8,16384,false,12,0.000113
8,16384,false,13,0.000117
8,16384,false,14,0.000102
8,16384,false,15,0.000110
8,16384,false,16,0.000096
8,16384,false,17,0.000099
8,16384,false,18,0.000123
8,16384,false,19,0.000096
8,16384,false,20,0.000126
8,16384,false,21,0.000113
8,16384,false,22,0.000126
8,16384,false,23,0.000112
8,16384,false,24,0.000128
8,16384,false,25,0.000093
8,16384,false,26,0.000121
8,16384,false,27,0.000123
8,16384,false,28,0.000116
8,16384,false,29,0.000097
8,16384,false,30,0.000119
16,16384,false,1,0.000246
16,16384,false,2,0.000239
16,16384,false,3,0.000203
16,16384,false,4,0.000203
16,16384,false,5,0.000299
16,16384,false,6,0.000199
16,16384,false,7,0.000193
16,16384,false,8,0.000232
16,16384,false,9,0.000248
16,16384,false,10,0.000534
16,16384,false,11,0.000208
16,16384,false,12,0.000240
16,16384,false,13,0.000280
16,16384,false,14,0.000328
16,16384,false,15,0.000250
16,16384,false,16,0.000241
16,16384,false,17,0.000328
16,16384,false,18,0.000300
16,16384,false,19,0.000196
16,16384,false,20,0.000240
16,16384,false,21,0.000217
16,16384,false,22,0.000245
16,16384,false,23,0.000242
16,16384,false,24,0.000208
16,16384,false,25,0.000208
16,16384,false,26,0.000213
16,16384,false,27,0.000229
16,16384,false,28,0.000218
16,16384,false,29,0.000253
16,16384,false,30,0.000246
32,16384,false,1,0.010424
32,16384,false,2,0.000615
32,16384,false,3,0.000614
32,16384,false,4,0.000941
32,16384,false,5,0.000644
32,16384,false,6,0.000506
32,16384,false,7,0.001595
32,16384,false,8,0.000687
32,16384,false,9,0.000333
32,16384,false,10,0.000812
32,16384,false,11,0.000667
32,16384,false,12,0.000500
32,16384,false,13,0.012762
32,16384,false,14,0.000711
32,16384,false,15,0.000681
32,16384,false,16,0.003327
32,16384,false,17,0.000411
32,16384,false,18,0.000706
32,16384,false,19,0.000626
32,16384,false,20,0.000556
32,16384,false,21,0.000518
32,16384,false,22,0.000567
32,16384,false,23,0.000680
32,16384,false,24,0.000785
32,16384,false,25,0.003167
32,16384,false,26,0.000679
32,16384,false,27,0.000497
32,16384,false,28,0.000632
32,16384,false,29,0.001018
32,16384,false,30,0.000968
1,32768,false,1,0.000000
1,32768,false,2,0.000000
1,32768,false,3,0.000000
1,32768,false,4,0.000000
1,32768,false,5,0.000000
1,32768,false,6,0.000000
1,32768,false,7,0.000000
1,32768,false,8,0.000000
1,32768,false,9,0.000000
1,32768,false,10,0.000000
1,32768,false,11,0.000000
1,32768,false,12,0.000000
1,32768,false,13,0.000000
1,32768,false,14,0.000000
1,32768,false,15,0.000000
1,32768,false,16,0.000000
1,32768,false,17,0.000000
1,32768,false,18,0.000000
1,32768,false,19,0.000000
1,32768,false,20,0.000000
1,32768,false,21,0.000000
1,32768,false,22,0.000000
1,32768,false,23,0.000000
1,32768,false,24,0.000000
1,32768,false,25,0.000000
1,32768,false,26,0.000000
1,32768,false,27,0.000000
1,32768,false,28,0.000000
1,32768,false,29,0.000000
1,32768,false,30,0.000000
2,32768,false,1,0.000066
2,32768,false,2,0.000061
2,32768,false,3,0.000061
2,32768,false,4,0.000062
2,32768,false,5,0.000063
2,32768,false,6,0.000063
2,32768,false,7,0.000061
2,32768,false,8,0.000061
2,32768,false,9,0.000066
2,32768,false,10,0.000063
2,32768,false,11,0.000062
2,32768,false,12,0.000066
2,32768,false,13,0.000066
2,32768,false,14,0.000063
2,32768,false,15,0.000069
2,32768,false,16,0.000061
2,32768,false,17,0.000063
2,32768,false,18,0.000063
2,32768,false,19,0.000061
2,32768,false,20,0.000062
2,32768,false,21,0.000062
2,32768,false,22,0.000060
2,32768,false,23,0.000066
2,32768,false,24,0.000068
2,32768,false,25,0.000114
2,32768,false,26,0.000065
2,32768,false,27,0.000064
2,32768,false,28,0.000061
2,32768,false,29,0.000062
2,32768,false,30,0.000066
4,32768,false,1,0.000071
4,32768,false,2,0.000075
4,32768,false,3,0.000074
4,32768,false,4,0.000082
4,32768,false,5,0.000083
4,32768,false,6,0.000076
4,32768,false,7,0.000075
4,32768,false,8,0.000110
4,32768,false,9,0.000074
4,32768,false,10,0.000083
4,32768,false,11,0.000075
4,32768,false,12,0.000074
4,32768,false,13,0.000084
4,32768,false,14,0.000212
4,32768,false,15,0.000072
4,32768,false,16,0.000089
4,32768,false,17,0.000084
4,32768,false,18,0.000082
4,32768,false,19,0.000086
4,32768,false,20,0.000089
4,32768,false,21,0.000080
4,32768,false,22,0.000080
4,32768,false,23,0.000080
4,32768,false,24,0.000089
4,32768,false,25,0.000072
4,32768,false,26,0.000070
4,32768,false,27,0.000083
4,32768,false,28,0.000075
4,32768,false,29,0.000084
4,32768,false,30,0.000084
8,32768,false,1,0.000144
8,32768,false,2,0.000148
8,32768,false,3,0.000144
8,32768,false,4,0.000146
8,32768,false,5,0.000148
8,32768,false,6,0.000153
8,32768,false,7,0.000160
8,32768,false,8,0.000147
8,32768,false,9,0.000165
8,32768,false,10,0.000152
8,32768,false,11,0.000155
8,32768,false,12,0.000162
8,32768,false,13,0.000158
8,32768,false,14,0.000143
8,32768,false,15,0.000159
8,32768,false,16,0.000171
8,32768,false,17,0.000644
8,32768,false,18,0.000164
8,32768,false,19,0.000158
8,32768,false,20,0.000135
8,32768,false,21,0.000139
8,32768,false,22,0.000162
8,32768,false,23,0.000140
8,32768,false,24,0.000166
8,32768,false,25,0.000154
8,32768,false,26,0.000159
8,32768,false,27,0.000144
8,32768,false,28,0.000164
8,32768,false,29,0.000161
8,32768,false,30,0.000144
16,32768,false,1,0.000386
16,32768,false,2,0.000308
16,32768,false,3,0.000375
16,32768,false,4,0.000389
16,32768,false,5,0.000309
16,32768,false,6,0.000376
16,32768,false,7,0.000379
16,32768,false,8,0.000372
16,32768,false,9,0.000310
16,32768,false,10,0.000357
16,32768,false,11,0.000383
16,32768,false,12,0.000311
16,32768,false,13,0.000369
16,32768,false,14,0.000377
16,32768,false,15,0.000317
16,32768,false,16,0.001193
16,32768,false,17,0.000315
16,32768,false,18,0.000352
16,32768,false,19,0.000415
16,32768,false,20,0.000299
16,32768,false,21,0.000353
16,32768,false,22,0.000360
16,32768,false,23,0.000369
16,32768,false,24,0.000366
16,32768,false,25,0.000373
16,32768,false,26,0.000315
16,32768,false,27,0.000405
16,32768,false,28,0.000300
16,32768,false,29,0.000352
16,32768,false,30,0.002279
32,32768,false,1,0.000693
32,32768,false,2,0.000757
32,32768,false,3,0.000787
32,32768,false,4,0.000632
32,32768,false,5,0.000733
32,32768,false,6,0.000515
32,32768,false,7,0.000827
32,32768,false,8,0.002526
32,32768,false,9,0.000720
32,32768,false,10,0.000733
32,32768,false,11,0.000658
32,32768,false,12,0.000821
32,32768,false,13,0.001198
32,32768,false,14,0.001653
32,32768,false,15,0.000938
32,32768,false,16,0.000862
32,32768,false,17,0.000586
32,32768,false,18,0.000896
32,32768,false,19,0.009517
32,32768,false,20,0.000641
32,32768,false,21,0.000963
32,32768,false,22,0.000570
32,32768,false,23,0.000905
32,32768,false,24,0.000721
32,32768,false,25,0.000728
32,32768,false,26,0.000697
32,32768,false,27,0.000704
32,32768,false,28,0.000884
32,32768,false,29,0.000688
32,32768,false,30,0.000781
1,65536,false,1,0.000000
1,65536,false,2,0.000000
1,65536,false,3,0.000000
1,65536,false,4,0.000000
1,65536,false,5,0.000000
1,65536,false,6,0.000000
1,65536,false,7,0.000000
1,65536,false,8,0.000000
1,65536,false,9,0.000000
1,65536,false,10,0.000000
1,65536,false,11,0.000000
1,65536,false,12,0.000000
1,65536,false,13,0.000000
1,65536,false,14,0.000000
1,65536,false,15,0.000000
1,65536,false,16,0.000000
1,65536,false,17,0.000000
1,65536,false,18,0.000000
1,65536,false,19,0.000000
1,65536,false,20,0.000000
1,65536,false,21,0.000000
1,65536,false,22,0.000000
1,65536,false,23,0.000000
1,65536,false,24,0.000000
1,65536,false,25,0.000000
1,65536,false,26,0.000000
1,65536,false,27,0.000000
1,65536,false,28,0.000000
1,65536,false,29,0.000000
1,65536,false,30,0.000000
2,65536,false,1,0.000105
2,65536,false,2,0.000102
2,65536,false,3,0.000102
2,65536,false,4,0.000105
2,65536,false,5,0.000104
2,65536,false,6,0.000103
2,65536,false,7,0.000116
2,65536,false,8,0.000100
2,65536,false,9,0.000101
2,65536,false,10,0.000136
2,65536,false,11,0.000101
2,65536,false,12,0.000115
2,65536,false,13,0.000101
2,65536,false,14,0.000099
2,65536,false,15,0.000121
2,65536,false,16,0.000103
2,65536,false,17,0.000106
2,65536,false,18,0.000105
2,65536,false,19,0.000100
2,65536,false,20,0.000155
2,65536,false,21,0.000099
2,65536,false,22,0.000102
2,65536,false,23,0.000103
2,65536,false,24,0.000103
2,65536,false,25,0.000104
2,65536,false,26,0.000102
2,65536,false,27,0.000099
2,65536,false,28,0.000103
2,65536,false,29,0.000099
2,65536,false,30,0.000103
4,65536,false,1,0.000126
4,65536,false,2,0.000126
4,65536,false,3,0.000138
4,65536,false,4,0.000124
4,65536,false,5,0.000125
4,65536,false,6,0.000140
4,65536,false,7,0.000147
4,65536,false,8,0.000139
4,65536,false,9,0.000128
4,65536,false,10,0.000139
4,65536,false,11,0.000124
4,65536,false,12,0.000138
4,65536,false,13,0.000123
4,65536,false,14,0.000131
4,65536,false,15,0.000124
4,65536,false,16,0.000141
4,65536,false,17,0.000123
4,65536,false,18,0.000140
4,65536,false,19,0.000127
4,65536,false,20,0.000125
4,65536,false,21,0.000140
4,65536,false,22,0.000126
4,65536,false,23,0.000122
4,65536,false,24,0.000123
4,65536,false,25,0.000119
4,65536,false,26,0.000145
4,65536,false,27,0.000123
4,65536,false,28,0.000138
4,65536,false,29,0.000121
4,65536,false,30,0.000123
8,65536,false,1,0.000230
8,65536,false,2,0.000241
8,65536,false,3,0.000253
8,65536,false,4,0.000241
8,65536,false,5,0.000243
8,65536,false,6,0.000231
8,65536,false,7,0.000235
8,65536,false,8,0.000219
8,65536,false,9,0.000238
8,65536,false,10,0.000230
8,65536,false,11,0.000229
8,65536,false,12,0.000223
8,65536,false,13,0.000232
8,65536,false,14,0.000249
8,65536,false,15,0.000251
8,65536,false,16,0.000230
8,65536,false,17,0.000249
8,65536,false,18,0.000236
8,65536,false,19,0.000228
8,65536,false,20,0.000235
8,65536,false,21,0.000231
8,65536,false,22,0.000251
8,65536,false,23,0.000236
8,65536,false,24,0.000248
8,65536,false,25,0.000234
8,65536,false,26,0.000243
8,65536,false,27,0.000239
8,65536,false,28,0.000224
8,65536,false,29,0.000227
8,65536,false,30,0.000232
16,65536,false,1,0.000602
16,65536,false,2,0.000662
16,65536,false,3,0.000536
16,65536,false,4,0.000574
16,65536,false,5,0.001191
16,65536,false,6,0.000646
16,65536,false,7,0.000690
16,65536,false,8,0.000607
16,65536,false,9,0.000579
16,65536,false,10,0.000653
16,65536,false,11,0.000535
16,65536,false,12,0.000629
16,65536,false,13,0.000816
16,65536,false,14,0.000586
16,65536,false,15,0.000557
16,65536,false,16,0.000630
16,65536,false,17,0.000716
16,65536,false,18,0.000594
16,65536,false,19,0.000639
16,65536,false,20,0.000632
16,65536,false,21,0.000643
16,65536,false,22,0.000647
16,65536,false,23,0.000636
16,65536,false,24,0.000635
16,65536,false,25,0.000639
16,65536,false,26,0.000651
16,65536,false,27,0.000553
16,65536,false,28,0.000627
16,65536,false,29,0.000645
16,65536,false,30,0.000579
32,65536,false,1,0.000979
32,65536,false,2,0.001413
32,65536,false,3,0.001151
32,65536,false,4,0.001299
32,65536,false,5,0.001179
32,65536,false,6,0.001060
32,65536,false,7,0.000980
32,65536,false,8,0.001486
32,65536,false,9,0.001054
32,65536,false,10,0.001228
32,65536,false,11,0.000949
32,65536,false,12,0.001149
32,65536,false,13,0.000997
32,65536,false,14,0.002994
32,65536,false,15,0.001103
32,65536,false,16,0.003978
32,65536,false,17,0.000902
32,65536,false,18,0.001441
32,65536,false,19,0.000986
32,65536,false,20,0.001438
32,65536,false,21,0.001820
32,65536,false,22,0.001097
32,65536,false,23,0.001073
32,65536,false,24,0.001352
32,65536,false,25,0.002965
32,65536,false,26,0.001249
32,65536,false,27,0.001386
32,65536,false,28,0.001022
32,65536,false,29,0.001273
32,65536,false,30,0.001673
1,131072,false,1,0.000000
1,131072,false,2,0.000000
1,131072,false,3,0.000000
1,131072,false,4,0.000000
1,131072,false,5,0.000000
1,131072,false,6,0.000000
1,131072,false,7,0.000000
1,131072,false,8,0.000000
1,131072,false,9,0.000000
1,131072,false,10,0.000000
1,131072,false,11,0.000000
1,131072,false,12,0.000000
1,131072,false,13,0.000000
1,131072,false,14,0.000000
1,131072,false,15,0.000000
1,131072,false,16,0.000000
1,131072,false,17,0.000000
1,131072,false,18,0.000000
1,131072,false,19,0.000000
1,131072,false,20,0.000000
1,131072,false,21,0.000000
1,131072,false,22,0.000000
1,131072,false,23,0.000000
1,131072,false,24,0.000000
1,131072,false,25,0.000000
1,131072,false,26,0.000000
1,131072,false,27,0.000000
1,131072,false,28,0.000000
1,131072,false,29,0.000000
1,131072,false,30,0.000000
2,131072,false,1,0.000184
2,131072,false,2,0.000179
2,131072,false,3,0.000178
2,131072,false,4,0.000176
2,131072,false,5,0.000178
2,131072,false,6,0.000183
2,131072,false,7,0.000180
2,131072,false,8,0.000180
2,131072,false,9,0.000179
2,131072,false,10,0.000176
2,131072,false,11,0.000176
2,131072,false,12,0.000175
2,131072,false,13,0.000176
2,131072,false,14,0.000175
2,131072,false,15,0.000175
2,131072,false,16,0.000174
2,131072,false,17,0.000182
2,131072,false,18,0.000185
2,131072,false,19,0.000176
2,131072,false,20,0.000181
2,131072,false,21,0.000177
2,131072,false,22,0.000177
2,131072,false,23,0.000175
2,131072,false,24,0.000181
2,131072,false,25,0.000178
2,131072,false,26,0.000181
2,131072,false,27,0.000176
2,131072,false,28,0.000177
2,131072,false,29,0.000177
2,131072,false,30,0.000184
4,131072,false,1,0.000259
4,131072,false,2,0.000226
4,131072,false,3,0.000223
4,131072,false,4,0.000262
4,131072,false,5,0.000258
4,131072,false,6,0.000256
4,131072,false,7,0.000227
4,131072,false,8,0.000222
4,131072,false,9,0.000227
4,131072,false,10,0.000217
4,131072,false,11,0.000226
4,131072,false,12,0.000250
4,131072,false,13,0.000258
4,131072,false,14,0.000224
4,131072,false,15,0.000223
4,131072,false,16,0.000271
4,131072,false,17,0.000251
4,131072,false,18,0.000261
4,131072,false,19,0.000220
4,131072,false,20,0.000227
4,131072,false,21,0.000266
4,131072,false,22,0.000251
4,131072,false,23,0.000269
4,131072,false,24,0.000254
4,131072,false,25,0.000259
4,131072,false,26,0.000254
4,131072,false,27,0.000250
4,131072,false,28,0.000265
4,131072,false,29,0.000227
4,131072,false,30,0.000228
8,131072,false,1,0.000424
8,131072,false,2,0.000408
8,131072,false,3,0.000415
8,131072,false,4,0.000440
8,131072,false,5,0.000426
8,131072,false,6,0.000410
8,131072,false,7,0.000447
8,131072,false,8,0.000458
8,131072,false,9,0.000429
8,131072,false,10,0.000428
8,131072,false,11,0.000426
8,131072,false,12,0.000415
8,131072,false,13,0.000428
8,131072,false,14,0.000431
8,131072,false,15,0.000419
8,131072,false,16,0.000441
8,131072,false,17,0.000427
8,131072,false,18,0.000431
8,131072,false,19,0.000421
8,131072,false,20,0.000435
8,131072,false,21,0.000408
8,131072,false,22,0.000438
8,131072,false,23,0.000421
8,131072,false,24,0.000447
8,131072,false,25,0.000449
8,131072,false,26,0.000424
8,131072,false,27,0.000442
8,131072,false,28,0.000400
8,131072,false,29,0.000414
8,131072,false,30,0.000437
16,131072,false,1,0.001147
16,131072,false,2,0.001225
16,131072,false,3,0.000982
16,131072,false,4,0.001185
16,131072,false,5,0.001494
16,131072,false,6,0.001134
16,131072,false,7,0.001214
16,131072,false,8,0.001209
16,131072,false,9,0.001205
16,131072,false,10,0.001211
16,131072,false,11,0.001181
16,131072,false,12,0.001153
16,131072,false,13,0.001238
16,131072,false,14,0.001182
16,131072,false,15,0.001350
16,131072,false,16,0.001084
16,131072,false,17,0.001243
16,131072,false,18,0.001247
16,131072,false,19,0.001314
16,131072,false,20,0.001235
16,131072,false,21,0.001254
16,131072,false,22,0.001151
16,131072,false,23,0.001321
16,131072,false,24,0.001183
16,131072,false,25,0.001045
16,131072,false,26,0.001376
16,131072,false,27,0.001190
16,131072,false,28,0.001265
16,131072,false,29,0.001111
16,131072,false,30,0.001110
32,131072,false,1,0.002645
32,131072,false,2,0.002192
32,131072,false,3,0.003695
32,131072,false,4,0.002162
32,131072,false,5,0.008706
32,131072,false,6,0.002728
32,131072,false,7,0.002292
32,131072,false,8,0.002076
32,131072,false,9,0.002614
32,131072,false,10,0.002809
32,131072,false,11,0.002233
32,131072,false,12,0.002185
32,131072,false,13,0.002923
32,131072,false,14,0.002652
32,131072,false,15,0.002630
32,131072,false,16,0.005174
32,131072,false,17,0.002721
32,131072,false,18,0.002282
32,131072,false,19,0.002602
32,131072,false,20,0.007149
32,131072,false,21,0.003000
32,131072,false,22,0.002047
32,131072,false,23,0.002713
32,131072,false,24,0.002130
32,131072,false,25,0.002445
32,131072,false,26,0.002400
32,131072,false,27,0.002386
32,131072,false,28,0.002201
32,131072,false,29,0.002248
32,131072,false,30,0.002235
